eventId,home_ball_possession,away_ball_possession,home_expected_goals,away_expected_goals,home_total_shots,away_total_shots,home_goalkeeper_saves,away_goalkeeper_saves,home_corner_kicks,away_corner_kicks,home_fouls,away_fouls,home_passes,away_passes,home_tackles,away_tackles,home_free_kicks,away_free_kicks,home_yellow_cards,away_yellow_cards,home_red_cards,away_red_cards,home_shots_on_target,away_shots_on_target,home_hit_woodwork,away_hit_woodwork,home_shots_off_target,away_shots_off_target,home_blocked_shots,away_blocked_shots,home_shots_inside_box,away_shots_inside_box,home_shots_outside_box,away_shots_outside_box,home_attack_through_balls ,away_attack_through_balls,home_touches_in_penalty_area,away_touches_in_penalty_area,home_offsides,away_offsides,home_accurate_passes,away_accurate_passes,home_throw_ins,away_throw_ins,home_final_third_phase_passes,away_final_third_phase_passes,home_long_balls,away_long_balls,home_crosses,away_crosses,home_won_duels,away_won_duels,home_ground_duels,away_ground_duels,home_aerial_duels,away_aerial_duels,home_dribbles,away_dribbles,home_total_tackles,away_total_tackles,home_interceptions,away_interceptions,home_clearances,away_clearances,home_errors_lead_to_a_shot,away_errors_lead_to_a_shot
11546278,56%,44%,2.07,0.45,14,7,1,3,7,1,9,19,432,372,2,10,8,0,0,1,0,0,14,7,2,0,3,3,4,2,10,3,4,4,1,2,22,6,0,0,344,297,36,17,45/70 (64%),19/35 (54%),44/64 (68%),28/55 (50%),12/28 (42%),1/6 (16%),46%,32%,63/129 (49%),36/134 (27%),28/65 (43%),29/67 (43%),24/36 (67%),10/16 (63%),2,10,15,15,11,35,3,2
11546271,54%,46%,1.84,1.11,13,12,2,3,14,2,10,9,308,224,3,0,4,2,1,4,0,0,13,12,1,0,7,7,2,2,10,5,3,7,2,0,25,12,4,5,218,156,31,24,40/57 (70%),23/39 (59%),30/59 (50%),10/40 (25%),10/28 (35%),4/9 (44%),46%,34%,38/101 (38%),34/103 (33%),31/48 (65%),22/59 (37%),13/21 (62%),8/9 (89%),3,0,13,16,3,21,3,2
11546274,46%,54%,1.01,2.29,9,14,3,1,5,2,16,18,320,397,4,7,3,5,0,3,1,0,9,14,0,0,6,7,1,3,5,4,4,10,0,5,12,10,0,4,242,323,16,27,35/57 (61%),38/50 (76%),22/49 (44%),36/60 (60%),2/12 (16%),8/13 (61%),35%,38%,46/146 (32%),48/141 (34%),24/54 (44%),28/55 (51%),17/25 (68%),29/35 (83%),4,7,19,18,5,14,2,1
11546273,63%,37%,0.87,1.60,16,15,3,4,11,5,7,14,575,341,4,3,4,2,1,2,0,0,16,15,0,1,8,6,4,3,7,10,9,5,4,0,31,18,2,2,488,251,31,18,50/69 (72%),27/45 (60%),27/53 (50%),24/42 (57%),8/22 (36%),7/18 (38%),40%,35%,52/137 (38%),48/140 (34%),20/39 (51%),14/37 (38%),23/30 (77%),20/29 (69%),4,3,15,21,17,26,6,5
11546276,37%,63%,0.32,1.10,3,8,2,0,2,3,14,21,338,623,7,7,1,3,3,6,1,0,3,8,0,0,2,2,0,1,3,6,0,2,0,4,,,1,3,272,552,19,19,,,36/50 (72%),15/35 (42%),0/11 (0%),4/12 (33%),42%,40%,64/162 (40%),63/162 (39%),24/45 (53%),21/45 (47%),18/25 (72%),20/29 (69%),7,7,38,33,16,16,,
11546272,63%,37%,2.31,0.11,22,2,1,4,6,2,17,8,669,332,1,4,1,0,1,1,0,1,22,2,0,0,10,1,6,0,14,1,8,1,9,1,37,1,0,0,594,274,16,12,83/95 (87%),12/27 (44%),26/42 (61%),32/58 (55%),8/32 (25%),0/2 (0%),44%,27%,53/131 (40%),38/138 (28%),19/32 (59%),9/32 (28%),29/35 (83%),7/18 (39%),1,4,12,23,12,25,,
11546275,58%,42%,1.77,0.63,21,7,2,2,13,3,13,11,465,335,1,0,3,4,2,2,0,0,21,7,0,0,7,0,10,5,9,2,12,5,2,1,22,9,1,0,398,271,21,24,44/53 (83%),21/29 (72%),20/31 (64%),26/47 (55%),10/25 (40%),5/11 (45%),46%,31%,56/137 (41%),35/102 (34%),33/53 (62%),11/43 (26%),31/43 (72%),14/21 (67%),1,0,18,24,27,11,1,5
11560291,76%,24%,0.85,1.60,9,7,0,4,9,3,10,13,754,223,5,5,4,0,2,5,0,0,9,7,0,0,4,5,1,0,6,7,3,0,5,2,18,11,1,2,665,161,39,9,67/85 (79%),23/37 (62%),39/56 (69%),21/46 (45%),7/20 (35%),6/10 (60%),37%,32%,43/123 (35%),37/125 (30%),15/32 (47%),15/33 (45%),13/24 (54%),7/8 (88%),5,5,15,14,7,25,3,2
11561397,50%,50%,1.63,0.77,12,9,4,2,7,5,16,16,327,316,6,8,1,4,3,4,0,0,12,9,0,0,6,3,4,2,11,4,1,5,2,3,,,4,1,245,238,28,28,,,24/49 (48%),30/49 (61%),9/17 (52%),2/14 (14%),38%,40%,64/197 (32%),80/197 (41%),36/65 (55%),27/65 (42%),13/28 (46%),22/28 (79%),6,8,54,47,17,18,,
11561420,43%,57%,0.72,1.10,6,11,4,1,3,6,12,15,272,363,2,10,5,8,3,2,0,0,6,11,0,1,4,2,0,4,4,4,2,7,0,1,9,9,2,3,196,280,19,31,21/42 (50%),40/57 (70%),23/44 (52%),33/53 (62%),1/5 (20%),6/21 (28%),33%,38%,21/84 (25%),37/112 (33%),26/57 (46%),28/58 (48%),3/6 (50%),15/21 (71%),2,10,17,8,16,9,2,1
11561399,46%,54%,0.79,2.48,8,14,6,2,7,8,12,18,344,476,0,5,1,4,3,2,0,0,8,14,0,0,3,4,2,2,3,9,5,5,2,1,,,3,5,253,385,20,27,,,33/73 (45%),38/72 (52%),5/8 (62%),9/23 (39%),38%,40%,61/158 (39%),62/158 (39%),14/36 (39%),16/36 (44%),16/21 (76%),13/21 (62%),0,5,44,67,32,11,,
11561402,61%,39%,0.74,0.34,10,5,3,4,7,4,4,13,447,261,1,11,4,0,1,5,0,0,10,5,0,0,4,2,2,0,3,3,7,2,5,2,15,14,0,0,357,178,30,28,47/67 (70%),23/51 (45%),31/55 (56%),26/59 (44%),7/23 (30%),6/14 (42%),40%,31%,37/102 (36%),19/91 (21%),30/65 (46%),32/69 (46%),15/19 (79%),8/15 (53%),1,11,15,12,13,36,,
11561403,41%,59%,1.43,1.21,8,11,2,2,2,5,12,21,323,540,3,1,5,3,2,2,1,1,8,11,0,0,3,5,1,2,7,4,1,7,1,0,13,11,3,3,258,452,20,17,15/28 (54%),67/95 (71%),23/50 (46%),21/40 (52%),2/6 (33%),8/28 (28%),42%,31%,40/98 (41%),25/90 (28%),15/31 (48%),12/29 (41%),17/27 (63%),7/7 (100%),3,1,17,8,26,2,,
11561411,64%,36%,2.27,0.46,20,5,0,9,7,2,10,13,507,305,3,4,1,1,1,2,0,0,20,5,1,0,9,2,2,3,9,3,11,2,2,4,24,11,3,2,452,246,21,15,54/63 (86%),33/52 (63%),26/39 (66%),30/45 (66%),7/21 (33%),5/12 (41%),41%,34%,36/109 (33%),35/103 (34%),28/47 (60%),13/38 (34%),17/24 (71%),8/13 (62%),3,4,16,16,10,17,,
11561400,73%,27%,2.45,0.42,17,2,0,4,12,0,9,14,588,219,2,3,6,3,3,2,0,0,17,2,0,0,8,0,4,1,12,2,5,0,2,1,42,9,4,0,512,155,19,12,54/73 (74%),15/28 (54%),21/36 (58%),13/28 (46%),11/30 (36%),0/2 (0%),39%,28%,38/115 (33%),26/108 (24%),22/37 (59%),16/37 (43%),13/19 (68%),5/5 (100%),2,3,9,20,2,16,,
11561398,36%,64%,0.94,1.29,8,8,1,0,3,5,5,14,345,635,4,6,4,2,1,1,0,0,8,8,0,0,3,3,3,1,4,4,4,4,1,1,8,16,1,0,274,544,16,19,29/39 (74%),49/65 (75%),30/53 (56%),38/61 (62%),2/7 (28%),6/22 (27%),37%,38%,47/136 (35%),54/144 (38%),22/48 (46%),20/46 (43%),21/24 (88%),38/48 (79%),4,6,22,13,10,10,2,3
11640445,55%,45%,0.50,0.90,11,9,4,6,6,3,14,18,439,353,5,4,4,3,2,2,0,0,11,9,0,0,3,2,2,1,5,5,6,4,3,1,12,9,2,5,364,260,32,26,45/60 (75%),25/43 (58%),31/53 (58%),25/58 (43%),5/14 (35%),3/16 (18%),40%,35%,41/117 (35%),43/132 (33%),27/53 (51%),22/49 (45%),14/20 (70%),16/28 (57%),5,4,12,24,22,16,,
11640452,48%,52%,0.03,2.84,4,17,4,0,6,6,17,14,327,342,10,0,0,7,3,0,0,0,4,17,0,1,2,6,2,7,0,10,4,7,4,3,7,19,1,2,259,272,23,22,33/49 (67%),37/54 (69%),27/46 (58%),16/37 (43%),2/8 (25%),3/8 (37%),33%,41%,43/132 (33%),52/132 (39%),11/29 (38%),14/28 (50%),14/22 (64%),24/35 (69%),10,0,17,21,18,19,4,1
11640448,61%,39%,1.40,0.98,17,6,0,3,9,4,9,15,433,286,6,16,3,1,4,2,0,0,17,6,0,0,8,0,6,5,12,4,5,2,0,1,29,6,1,2,347,216,32,26,65/79 (82%),18/34 (53%),46/63 (73%),25/51 (49%),18/40 (45%),2/3 (66%),48%,27%,63/133 (47%),30/125 (24%),32/62 (52%),22/61 (36%),32/55 (58%),7/17 (41%),6,16,16,21,13,32,1,2
11640446,37%,63%,1.05,1.81,10,10,4,3,3,6,11,10,285,493,2,3,2,2,2,2,0,0,10,10,0,0,5,5,1,2,7,7,3,3,1,2,17,24,3,1,230,437,16,13,27/43 (63%),43/50 (86%),22/43 (51%),25/39 (64%),6/14 (42%),7/21 (33%),43%,34%,41/97 (42%),32/102 (31%),14/30 (47%),12/27 (44%),15/22 (68%),20/30 (67%),2,3,14,8,17,15,,
11640447,63%,37%,0.80,0.81,8,4,2,2,3,1,11,14,549,306,5,9,3,3,3,1,0,0,8,4,1,0,1,1,3,0,4,2,4,2,0,2,10,4,0,4,467,236,25,26,54/80 (68%),20/43 (47%),25/53 (47%),24/53 (45%),6/15 (40%),0/6 (0%),37%,31%,35/109 (32%),31/111 (28%),20/36 (56%),16/37 (43%),12/28 (43%),9/12 (75%),5,9,15,24,11,21,,
11640449,56%,44%,0.67,1.41,7,13,4,0,8,2,12,18,411,353,4,4,3,1,1,1,0,0,7,13,0,0,2,4,4,3,2,6,5,7,0,2,6,19,1,3,354,284,17,25,43/57 (75%),25/34 (74%),19/28 (67%),26/48 (54%),6/17 (35%),4/11 (36%),40%,39%,41/115 (36%),41/109 (38%),18/32 (56%),13/29 (45%),18/28 (64%),13/18 (72%),4,4,14,9,15,11,4,4
11640450,61%,39%,1.52,1.19,16,11,3,5,5,6,9,11,467,274,3,12,3,3,1,4,0,0,16,11,0,0,7,5,2,2,10,7,6,4,3,2,23,18,1,1,386,203,24,28,44/58 (76%),26/37 (70%),38/56 (67%),22/32 (68%),15/30 (50%),4/14 (28%),44%,29%,43/113 (38%),39/143 (27%),31/52 (60%),21/58 (36%),33/41 (80%),20/30 (67%),3,12,19,29,22,20,1,3
11640451,62%,38%,0.64,0.69,6,7,1,1,5,2,10,13,557,315,6,9,3,3,0,2,1,0,6,7,0,1,3,3,1,2,3,4,3,3,5,4,,,2,1,477,245,28,17,,,37/62 (59%),30/53 (56%),0/11 (0%),3/12 (25%),42%,35%,54/141 (38%),49/141 (35%),28/51 (55%),19/51 (37%),14/18 (78%),12/17 (71%),6,9,33,44,18,24,,
11646856,59%,41%,2.41,0.85,9,7,4,2,7,3,16,11,442,314,1,11,3,2,2,1,0,0,9,7,1,0,3,2,1,0,6,5,3,2,1,0,16,13,3,4,359,230,29,21,38/58 (66%),25/41 (61%),28/56 (50%),24/41 (58%),9/23 (39%),3/17 (17%),42%,40%,47/124 (38%),41/114 (36%),27/49 (55%),22/43 (51%),23/29 (79%),11/16 (69%),1,11,32,27,19,17,,
11646858,43%,57%,0.31,0.78,7,16,5,2,5,4,11,18,368,461,11,7,6,2,4,2,0,0,7,16,0,0,3,5,3,6,4,4,3,12,2,0,12,14,2,0,296,388,28,17,29/44 (66%),53/71 (75%),39/56 (69%),31/50 (62%),3/16 (18%),6/16 (37%),40%,34%,54/149 (36%),49/151 (32%),27/53 (51%),21/51 (41%),16/24 (67%),14/21 (67%),11,7,20,16,15,21,3,1
11646867,72%,28%,2.18,0.49,15,9,4,3,16,1,10,10,610,177,7,7,4,1,0,4,0,0,15,9,1,0,6,5,4,0,12,5,3,4,2,2,,,5,3,522,128,23,26,,,37/60 (61%),12/27 (44%),13/34 (38%),3/5 (60%),37%,27%,59/165 (36%),43/165 (26%),17/40 (43%),14/40 (35%),19/26 (73%),2/9 (22%),7,7,25,64,17,37,,
11646859,34%,66%,0.38,1.99,6,18,10,3,1,9,13,16,217,483,3,3,6,4,3,2,1,0,6,18,0,0,3,5,0,3,3,11,3,7,1,4,,,4,0,159,417,17,16,,,18/32 (56%),24/43 (55%),4/9 (44%),11/20 (55%),37%,36%,62/169 (37%),53/169 (31%),19/49 (39%),27/49 (55%),13/21 (62%),19/25 (76%),3,3,44,29,21,17,,
11646862,61%,39%,0.51,0.58,7,7,0,1,3,4,12,15,464,246,8,5,5,4,4,0,0,0,7,7,0,0,4,6,2,0,3,3,4,4,3,0,11,4,0,1,395,171,30,16,53/72 (74%),29/39 (74%),47/63 (74%),24/48 (50%),8/22 (36%),1/4 (25%),38%,37%,43/128 (34%),42/123 (34%),27/54 (50%),24/52 (46%),14/21 (67%),5/7 (71%),8,5,12,7,12,9,3,4
11646857,40%,60%,0.03,1.90,1,9,0,1,7,4,14,18,315,546,9,3,3,2,4,0,0,0,1,9,0,0,0,6,0,0,0,8,1,1,0,3,,,4,3,245,470,20,24,22/38 (58%),45/63 (71%),33/66 (50%),40/61 (65%),1/11 (9%),9/24 (37%),34%,41%,40/115 (35%),44/116 (38%),13/38 (34%),20/39 (51%),7/8 (88%),12/15 (80%),9,3,24,11,7,9,,
11646861,50%,50%,1.34,1.12,10,7,3,2,3,2,14,21,346,411,5,7,6,1,0,5,0,0,10,7,0,0,4,2,3,1,7,3,3,4,1,1,19,13,4,5,271,332,16,16,33/49 (67%),53/69 (77%),28/48 (58%),36/47 (76%),1/10 (10%),3/19 (15%),42%,40%,51/129 (40%),46/119 (39%),23/46 (50%),20/45 (44%),20/30 (67%),13/15 (87%),5,7,20,21,16,13,,
11646860,45%,55%,1.41,0.55,17,8,2,3,8,3,10,12,361,421,2,7,3,1,0,2,0,0,17,8,1,1,6,2,5,3,11,4,6,4,2,1,,,8,1,280,336,24,19,,,15/35 (42%),27/47 (57%),4/15 (26%),1/14 (7%),36%,37%,58/182 (32%),70/182 (38%),25/43 (58%),15/43 (35%),12/18 (67%),16/27 (59%),2,7,36,48,5,22,,
11689045,58%,42%,1.45,1.20,13,12,5,1,4,4,19,15,396,235,6,3,3,4,2,4,0,0,13,12,0,0,6,4,6,3,8,7,5,5,0,0,20,13,3,0,326,189,15,10,46/65 (71%),18/27 (67%),33/55 (60%),17/32 (53%),10/22 (45%),4/11 (36%),45%,35%,66/151 (44%),54/166 (33%),21/39 (54%),21/43 (49%),22/29 (76%),17/31 (55%),6,3,6,21,7,13,4,1
11689049,28%,72%,1.37,1.19,10,14,1,4,4,8,14,8,213,549,8,3,2,3,3,2,0,0,10,14,0,1,4,8,2,3,5,9,5,5,1,11,,,5,4,140,474,25,25,,,17/37 (45%),28/40 (70%),1/9 (11%),6/18 (33%),28%,46%,38/139 (27%),61/139 (44%),12/37 (32%),20/37 (54%),8/12 (67%),18/25 (72%),8,3,38,33,13,16,,
11689044,54%,46%,0.19,0.38,4,8,2,2,6,3,13,17,401,367,7,6,9,1,3,2,0,0,4,8,0,0,0,4,3,2,2,2,2,6,1,0,12,9,4,6,317,301,24,16,36/56 (64%),36/54 (67%),29/56 (51%),22/40 (55%),1/13 (7%),2/11 (18%),45%,38%,49/126 (39%),47/126 (37%),32/54 (59%),23/55 (42%),16/23 (70%),11/17 (65%),7,6,20,10,15,29,2,1
11689046,51%,49%,2.66,0.42,11,10,1,5,1,3,14,11,456,429,2,10,3,2,1,1,0,0,11,10,0,0,1,7,2,2,6,2,5,8,0,0,14,6,1,1,382,348,21,16,41/59 (69%),37/61 (61%),39/60 (65%),23/55 (41%),1/10 (10%),6/26 (23%),32%,46%,35/116 (30%),52/117 (44%),14/36 (39%),21/40 (53%),10/15 (67%),29/37 (78%),2,10,14,18,9,5,3,1
11689042,62%,38%,1.22,0.47,13,6,4,4,5,7,13,14,357,230,9,11,4,2,4,2,0,0,13,6,0,0,4,0,4,0,5,3,8,3,4,0,10,7,3,1,289,164,22,16,33/53 (62%),20/37 (54%),32/57 (56%),23/51 (45%),2/12 (16%),2/11 (18%),38%,29%,44/121 (36%),33/127 (26%),21/48 (44%),18/45 (40%),19/29 (66%),10/17 (59%),9,11,11,14,17,19,1,2
11689047,68%,32%,1.71,0.67,18,7,2,4,7,2,11,6,569,270,9,4,0,2,4,2,0,1,18,7,0,0,8,2,3,2,13,2,5,5,6,5,33,3,1,4,492,210,28,16,64/81 (79%),24/36 (67%),37/58 (63%),24/46 (52%),7/25 (28%),2/4 (50%),45%,29%,51/122 (42%),32/121 (26%),22/38 (58%),16/41 (39%),31/42 (74%),16/20 (80%),9,4,20,18,7,24,4,2
11689043,62%,38%,1.11,0.50,11,5,1,4,6,1,15,14,558,339,6,4,5,4,4,3,0,0,11,5,0,1,5,1,2,2,6,2,5,3,7,1,29,6,1,3,494,267,21,18,61/68 (90%),26/37 (70%),31/43 (72%),18/44 (40%),10/27 (37%),3/12 (25%),40%,38%,47/126 (37%),45/126 (36%),17/34 (50%),15/30 (50%),25/29 (86%),17/25 (68%),6,4,17,9,15,19,1,2
11689041,37%,63%,0.56,1.34,7,9,2,2,2,5,18,8,308,566,3,9,2,2,5,3,0,0,7,9,0,0,1,3,2,3,5,7,2,2,3,3,8,27,1,0,234,481,25,25,19/39 (49%),80/101 (79%),22/44 (50%),35/52 (67%),6/10 (60%),9/26 (34%),33%,37%,35/110 (32%),39/110 (35%),14/38 (37%),16/36 (44%),20/31 (65%),19/30 (63%),3,9,18,11,32,9,,
11703273,50%,50%,2.08,1.19,10,9,1,3,1,2,10,16,338,370,5,4,8,2,3,2,0,0,10,9,0,0,0,5,4,2,5,6,5,3,0,2,13,9,4,1,287,297,17,20,23/33 (70%),44/66 (67%),26/44 (59%),27/47 (57%),2/5 (40%),7/18 (38%),36%,41%,42/119 (35%),45/122 (37%),20/51 (39%),26/48 (54%),21/28 (75%),22/31 (71%),5,4,16,14,21,9,,
11703275,40%,60%,1.59,0.88,6,9,1,1,3,6,15,13,308,515,10,7,3,3,3,0,0,0,6,9,0,0,2,3,1,4,4,5,2,4,1,1,7,18,2,4,244,442,30,25,26/46 (57%),46/63 (73%),27/53 (50%),36/47 (76%),2/6 (33%),9/20 (45%),32%,47%,44/144 (31%),52/117 (44%),20/50 (40%),27/49 (55%),17/33 (52%),23/30 (77%),10,7,22,11,17,18,,
11703274,43%,57%,0.64,1.71,14,10,0,3,4,2,8,14,341,471,8,4,3,4,2,4,0,0,14,10,0,0,7,6,3,1,3,8,11,2,3,0,9,19,2,2,259,386,16,27,30/53 (57%),30/46 (65%),27/52 (51%),19/45 (42%),1/12 (8%),7/13 (53%),34%,41%,41/122 (34%),34/101 (34%),13/35 (37%),24/39 (62%),10/18 (56%),11/20 (55%),8,4,14,12,8,3,2,2
11703276,49%,51%,0.11,1.65,4,7,0,2,1,2,15,15,450,429,3,3,3,5,4,4,0,0,4,7,0,1,3,2,0,0,0,5,4,2,0,5,7,11,0,2,366,359,18,30,43/63 (68%),36/59 (61%),25/48 (52%),42/65 (64%),3/15 (20%),4/8 (50%),30%,35%,27/109 (25%),41/126 (33%),18/38 (47%),19/43 (44%),6/13 (46%),12/16 (75%),3,3,20,29,12,4,,
11703272,46%,54%,0.44,1.95,9,11,1,1,4,2,16,22,322,383,4,5,6,4,2,2,0,0,9,11,0,0,4,6,3,1,4,8,5,3,0,3,16,15,0,1,259,308,20,24,30/48 (63%),40/59 (68%),22/43 (51%),27/53 (50%),7/14 (50%),1/7 (14%),46%,33%,48/106 (45%),33/119 (28%),21/42 (50%),25/53 (47%),20/28 (71%),11/17 (65%),4,5,9,21,11,14,1,3
11703271,57%,43%,1.77,2.87,17,12,5,4,5,0,8,15,378,260,7,7,7,1,4,4,0,2,17,12,0,0,8,4,2,1,8,8,9,4,1,0,14,21,0,1,310,188,24,22,39/54 (72%),21/35 (60%),25/46 (54%),22/42 (52%),3/12 (25%),2/10 (20%),39%,36%,44/105 (42%),27/102 (26%),15/45 (33%),25/42 (60%),11/18 (61%),10/21 (48%),7,7,11,15,19,22,3,4
11703270,60%,40%,2.25,1.25,12,8,2,1,4,5,11,7,518,314,2,14,3,2,1,0,0,0,12,8,0,0,4,4,4,1,7,5,5,3,2,0,26,12,4,4,458,250,19,29,49/67 (73%),26/37 (70%),26/39 (66%),20/37 (54%),9/16 (56%),7/14 (50%),39%,33%,39/102 (38%),42/138 (30%),19/45 (42%),17/38 (45%),16/23 (70%),15/21 (71%),2,14,16,16,18,3,1,2
11703280,66%,34%,1.37,0.04,14,3,0,2,4,1,17,17,647,266,2,3,3,0,3,1,0,1,14,3,1,1,6,2,5,0,9,0,5,3,6,0,27,2,5,3,581,204,19,18,77/92 (84%),17/33 (52%),29/46 (63%),21/36 (58%),8/20 (40%),2/10 (20%),42%,39%,65/160 (41%),35/92 (38%),15/27 (56%),9/19 (47%),33/46 (72%),6/9 (67%),2,3,15,17,12,15,,
11768519,49%,51%,1.45,0.54,11,7,4,3,6,3,15,10,480,506,3,7,2,1,4,2,0,0,11,7,1,0,4,1,2,1,6,3,5,4,0,1,14,7,1,2,417,429,11,19,44/58 (76%),37/62 (60%),40/61 (65%),33/61 (54%),2/12 (16%),3/7 (42%),36%,41%,43/132 (33%),48/117 (41%),17/33 (52%),13/31 (42%),16/25 (64%),18/25 (72%),3,7,19,23,20,8,1,2
11765710,60%,40%,1.31,1.07,12,9,2,3,8,2,7,17,454,334,2,3,6,3,3,4,0,0,12,9,1,0,4,3,2,2,5,4,7,5,2,2,16,10,2,2,363,254,29,20,56/78 (72%),35/51 (69%),48/76 (63%),23/52 (44%),9/22 (40%),1/4 (25%),50%,36%,61/127 (48%),50/152 (33%),28/51 (55%),24/53 (45%),39/48 (81%),27/38 (71%),2,3,16,20,6,16,,
11765714,30%,70%,1.17,3.15,9,18,4,2,1,10,16,14,195,592,8,2,4,10,4,4,0,0,9,18,0,2,5,4,0,7,4,14,5,4,3,1,5,42,2,1,132,520,13,23,14/32 (44%),84/95 (88%),11/44 (25%),15/25 (60%),3/5 (60%),8/29 (27%),41%,39%,41/107 (38%),49/130 (38%),16/30 (53%),16/35 (46%),11/14 (79%),16/17 (94%),8,2,21,20,38,1,4,4
11765712,46%,54%,1.18,1.53,11,15,2,1,4,4,20,14,330,433,10,0,4,0,1,3,0,0,11,15,0,1,6,7,2,4,6,10,5,5,2,2,11,20,2,0,267,355,20,28,26/40 (65%),42/61 (69%),30/60 (50%),36/59 (61%),6/13 (46%),6/20 (30%),34%,38%,26/98 (27%),38/106 (36%),22/41 (54%),19/43 (44%),10/19 (53%),7/15 (47%),10,0,25,10,24,13,,
11765713,64%,36%,1.36,0.64,13,9,2,6,5,3,20,16,517,295,0,8,4,5,1,2,0,0,13,9,0,0,0,6,6,1,6,4,7,5,1,3,14,11,1,3,449,234,19,23,45/63 (71%),24/46 (52%),21/41 (51%),29/53 (54%),4/12 (33%),1/8 (12%),39%,39%,50/131 (38%),47/125 (38%),17/40 (43%),18/41 (44%),20/25 (80%),17/23 (74%),0,8,22,10,10,22,,
11765716,58%,42%,1.27,1.55,8,11,7,1,4,4,20,14,442,298,9,2,2,7,1,2,1,0,8,11,0,0,1,4,2,2,4,4,4,7,1,3,10,11,0,1,374,239,23,30,30/51 (59%),29/47 (62%),20/40 (50%),20/28 (71%),2/10 (20%),3/14 (21%),37%,37%,35/114 (31%),42/117 (36%),22/39 (56%),16/37 (43%),10/15 (67%),12/22 (55%),9,2,10,9,14,5,,
11765715,50%,50%,0.56,1.43,6,8,2,2,4,9,13,12,326,305,8,3,2,5,4,2,1,1,6,8,0,0,5,5,0,1,3,7,3,1,0,3,10,14,0,1,265,225,18,27,29/41 (71%),40/59 (68%),22/31 (70%),23/41 (56%),5/19 (26%),4/21 (19%),35%,50%,34/89 (38%),35/84 (42%),16/52 (31%),35/54 (65%),15/19 (79%),18/25 (72%),8,3,22,8,21,11,,
11862618,61%,39%,1.23,0.38,11,4,1,2,5,0,17,9,524,380,6,2,4,2,2,4,1,1,11,4,0,0,6,1,0,1,8,1,3,3,3,3,,,2,4,451,317,21,12,,,33/50 (66%),31/60 (51%),8/24 (33%),0/2 (0%),45%,34%,68/158 (43%),57/158 (36%),15/24 (63%),5/24 (21%),16/24 (67%),9/15 (60%),6,2,24,43,8,21,,
11767611,33%,67%,1.51,1.93,7,11,3,0,2,4,17,15,180,485,2,2,4,5,3,4,1,0,7,11,0,0,3,4,2,2,6,7,1,4,0,7,8,17,0,3,125,410,10,30,13/26 (50%),45/72 (63%),15/37 (40%),19/46 (41%),4/9 (44%),11/20 (55%),37%,47%,29/84 (35%),41/97 (42%),18/42 (43%),27/46 (59%),12/15 (80%),20/25 (80%),2,2,13,18,21,5,,
11764392,40%,60%,1.70,1.27,8,9,1,2,2,5,10,17,290,477,5,5,6,2,2,2,0,0,8,9,0,0,2,6,2,1,3,6,5,3,2,0,4,16,2,3,199,377,25,25,23/45 (51%),25/49 (51%),29/60 (48%),28/61 (45%),1/6 (16%),6/25 (24%),35%,34%,39/121 (32%),43/132 (33%),14/28 (50%),12/27 (44%),14/22 (64%),22/29 (76%),5,5,15,16,25,26,1,4
11764394,62%,38%,1.23,0.03,13,2,2,1,11,2,11,18,435,211,8,7,7,2,0,4,0,0,13,2,0,0,7,0,5,1,8,0,5,2,3,0,17,2,1,2,361,159,20,26,48/68 (71%),21/33 (64%),28/47 (59%),17/30 (56%),5/16 (31%),1/8 (12%),45%,33%,58/133 (44%),40/138 (29%),23/45 (51%),22/46 (48%),21/35 (60%),16/21 (76%),8,7,6,17,10,16,2,3
11764395,60%,40%,3.69,0.89,22,7,1,5,5,0,12,8,595,365,6,17,1,4,1,3,0,0,22,7,0,0,7,5,6,0,12,3,10,4,0,5,24,6,2,1,536,307,11,24,37/49 (76%),30/44 (68%),26/38 (68%),26/42 (61%),3/14 (21%),1/5 (20%),43%,32%,39/99 (39%),34/108 (31%),11/16 (69%),6/17 (35%),15/22 (68%),13/22 (59%),6,17,26,21,7,10,1,5
11764396,47%,53%,1.52,1.37,13,14,6,2,3,6,15,12,361,473,3,3,3,0,2,4,0,0,13,14,0,0,6,5,3,1,4,7,9,7,0,1,14,18,1,5,296,407,21,20,40/60 (67%),46/70 (66%),37/61 (60%),28/49 (57%),1/8 (12%),7/14 (50%),37%,36%,31/94 (33%),38/114 (33%),19/41 (46%),20/47 (43%),20/26 (77%),8/11 (73%),3,3,21,19,11,13,1,2
11764397,46%,54%,0.28,2.34,8,16,3,0,3,6,16,11,305,410,10,3,0,4,5,0,0,0,8,16,0,0,3,8,5,4,4,12,4,4,0,1,7,22,0,3,236,340,16,28,25/43 (58%),42/68 (62%),25/49 (51%),28/54 (51%),0/5 (0%),7/18 (38%),34%,41%,29/106 (27%),40/98 (41%),23/46 (50%),20/45 (44%),13/22 (59%),19/29 (66%),10,3,30,19,28,2,3,1
11764398,50%,50%,0.60,0.92,5,12,4,0,4,6,16,14,456,405,1,3,2,4,0,2,0,0,5,12,0,0,2,5,1,3,2,7,3,5,0,1,9,13,4,4,382,316,19,23,34/53 (64%),37/65 (57%),38/61 (62%),37/62 (59%),1/8 (12%),3/18 (16%),26%,46%,43/148 (29%),47/128 (37%),10/50 (20%),36/51 (71%),21/27 (78%),18/26 (69%),1,3,23,12,19,11,,
11862619,29%,71%,0.29,2.03,6,10,3,2,5,4,18,6,217,598,7,4,0,3,2,1,0,0,6,10,0,0,3,4,1,2,1,8,5,2,0,2,,,5,1,146,526,18,23,,,11/32 (34%),28/53 (52%),2/11 (18%),4/16 (25%),37%,43%,42/131 (32%),59/131 (45%),20/36 (56%),13/36 (36%),4/5 (80%),15/18 (83%),7,4,42,33,16,14,,
11808700,69%,31%,0.57,0.66,10,5,1,1,6,3,6,19,557,193,5,7,3,1,3,5,0,1,10,5,0,0,7,2,2,1,7,4,3,1,0,1,18,7,4,3,483,133,30,15,79/96 (82%),18/40 (45%),44/73 (60%),13/39 (33%),11/30 (36%),1/6 (16%),41%,40%,44/119 (37%),40/110 (36%),25/49 (51%),22/44 (50%),16/26 (62%),23/32 (72%),5,7,11,13,3,18,1,1
11808695,63%,37%,0.61,0.15,8,5,1,2,5,4,18,8,497,292,1,3,2,3,3,3,0,0,8,5,0,0,3,1,2,3,2,2,6,3,4,0,14,3,0,3,413,220,36,18,47/72 (65%),24/45 (53%),33/61 (54%),24/56 (42%),2/22 (9%),0/3 (0%),44%,30%,47/114 (41%),33/109 (30%),21/39 (54%),12/40 (30%),16/25 (64%),8/12 (67%),1,3,15,15,14,12,1,1
11808696,45%,55%,0.71,0.24,9,9,3,0,5,3,14,15,306,397,4,6,7,4,3,1,0,0,9,9,0,0,6,2,2,3,4,2,5,7,0,2,10,4,0,2,236,346,22,19,35/52 (67%),45/57 (79%),21/35 (60%),27/45 (60%),4/15 (26%),3/10 (30%),40%,38%,47/127 (37%),39/110 (35%),22/45 (49%),19/42 (45%),7/7 (100%),17/27 (63%),4,6,18,15,10,21,,
11808697,26%,74%,0.94,1.19,8,14,6,0,1,10,11,12,191,727,8,6,2,5,2,2,0,0,8,14,1,0,5,4,2,5,6,10,2,4,1,2,,,3,1,125,645,15,21,,,12/32 (37%),24/40 (60%),2/6 (33%),11/32 (34%),33%,41%,42/145 (29%),64/145 (44%),17/29 (59%),9/29 (31%),11/14 (79%),27/38 (71%),8,6,63,25,41,4,,
11808699,29%,71%,0.51,0.39,5,11,4,1,1,7,12,13,238,641,19,3,0,7,4,4,0,1,5,11,0,0,1,4,2,3,3,3,2,8,0,1,7,14,6,0,174,560,21,27,9/31 (29%),71/86 (83%),15/45 (33%),29/44 (65%),3/7 (42%),4/20 (20%),37%,38%,41/138 (30%),53/131 (40%),24/35 (69%),9/30 (30%),6/9 (67%),18/30 (60%),19,3,27,13,29,11,2,2
11808694,60%,40%,0.85,1.13,17,13,1,3,6,3,11,10,517,308,3,12,4,4,4,1,0,0,17,13,0,0,6,9,9,1,6,6,11,7,0,2,10,11,1,1,420,237,33,20,49/62 (79%),30/49 (61%),36/62 (58%),20/38 (52%),6/23 (26%),1/4 (25%),48%,34%,81/169 (48%),47/161 (29%),15/30 (50%),20/34 (59%),42/61 (69%),16/26 (62%),3,12,13,22,5,28,2,4
11808698,36%,64%,0.85,2.36,8,15,2,5,4,5,23,11,290,476,3,1,1,6,4,2,0,0,8,15,0,0,2,6,1,6,6,5,2,10,3,2,11,15,1,4,220,396,23,14,23/45 (51%),36/52 (69%),28/54 (51%),28/47 (59%),4/8 (50%),9/24 (37%),36%,42%,56/161 (35%),60/150 (40%),21/51 (41%),23/45 (51%),24/31 (77%),30/41 (73%),3,1,25,15,18,14,2,1
11901218,64%,36%,1.15,0.83,15,11,3,3,7,3,13,10,525,244,4,6,2,3,2,1,0,1,15,11,0,1,6,2,5,5,5,7,10,4,1,2,17,12,1,2,444,184,18,21,40/56 (71%),20/35 (57%),31/48 (64%),28/48 (58%),6/21 (28%),2/8 (25%),47%,28%,45/103 (44%),29/116 (25%),25/43 (58%),17/43 (40%),19/21 (90%),7/14 (50%),4,6,12,21,9,10,1,3
11846051,40%,60%,0.16,0.64,4,10,2,1,4,4,13,8,300,530,7,1,1,1,3,1,0,0,4,10,0,0,3,6,0,2,1,4,3,6,1,1,4,11,1,4,221,436,18,33,33/57 (58%),54/68 (79%),27/48 (56%),33/55 (60%),2/14 (14%),9/21 (42%),43%,35%,35/98 (36%),35/106 (33%),30/53 (57%),20/50 (40%),9/12 (75%),12/14 (86%),7,1,28,14,18,17,3,1
11846057,52%,48%,1.20,0.42,11,5,2,3,2,6,15,13,325,322,8,3,2,5,2,2,0,0,11,5,0,0,4,2,3,1,4,4,7,1,1,2,,,2,7,257,242,29,44,,,27/55 (49%),42/63 (66%),3/10 (30%),5/18 (27%),33%,40%,63/193 (33%),71/193 (37%),18/47 (38%),25/47 (53%),24/34 (71%),21/33 (64%),8,3,40,19,22,14,,
11846050,47%,53%,1.61,1.02,13,14,7,6,5,5,16,19,342,421,8,2,6,6,2,4,1,0,13,14,0,0,6,4,0,3,7,9,6,5,4,1,13,21,2,2,270,342,24,19,32/49 (65%),41/58 (71%),37/67 (55%),32/52 (61%),1/12 (8%),9/24 (37%),41%,34%,33/94 (35%),32/92 (35%),41/86 (48%),30/87 (34%),16/24 (67%),8/15 (53%),8,2,19,17,25,19,1,6
11846059,60%,40%,2.20,0.47,15,4,2,6,5,0,17,17,528,299,0,0,6,4,4,1,0,0,15,4,0,0,5,2,3,0,7,2,8,2,1,0,26,3,2,3,451,244,29,12,56/71 (79%),18/37 (49%),23/45 (51%),23/39 (58%),6/24 (25%),3/6 (50%),36%,38%,43/120 (36%),43/116 (37%),11/26 (42%),13/28 (46%),15/27 (56%),5/8 (63%),0,0,8,16,2,20,,
11846060,44%,56%,2.47,1.23,15,8,3,5,9,0,17,18,326,388,5,1,3,4,2,3,0,1,15,8,0,0,6,3,3,2,11,3,4,5,0,1,20,8,4,0,230,306,25,30,22/57 (39%),25/40 (63%),18/57 (31%),22/48 (45%),5/17 (29%),2/15 (13%),37%,37%,47/136 (35%),53/141 (38%),16/33 (48%),15/39 (38%),14/20 (70%),12/24 (50%),5,1,16,26,16,25,,
11846055,38%,62%,0.79,0.42,8,7,3,1,4,3,15,9,283,497,7,5,4,0,1,0,0,0,8,7,0,0,3,4,3,1,3,3,5,4,4,2,14,13,0,0,208,412,19,20,21/42 (50%),34/51 (67%),20/49 (40%),33/57 (57%),0/11 (0%),9/28 (32%),35%,43%,31/111 (28%),46/102 (45%),25/48 (52%),19/47 (40%),5/7 (71%),28/40 (70%),7,5,20,12,11,14,,
11846056,55%,45%,2.40,0.92,13,4,1,4,9,3,12,9,475,306,5,6,4,5,4,3,0,1,13,4,0,0,4,2,2,0,4,2,9,2,0,0,,,3,1,391,234,14,16,,,30/55 (54%),24/52 (46%),4/18 (22%),2/8 (25%),40%,34%,54/142 (38%),47/142 (33%),26/56 (46%),22/56 (39%),17/22 (77%),22/29 (76%),5,6,34,68,15,21,,
11862802,58%,42%,0.88,0.80,8,8,1,2,6,5,11,18,453,278,5,5,5,4,1,1,0,0,8,8,0,0,1,6,2,1,6,4,2,4,2,2,9,10,2,0,381,207,27,20,38/54 (70%),31/47 (66%),17/38 (44%),26/54 (48%),1/8 (12%),2/9 (22%),40%,31%,46/119 (39%),30/114 (26%),17/35 (49%),17/36 (47%),13/20 (65%),4/5 (80%),5,5,19,15,9,8,3,5
11862805,48%,52%,0.54,2.82,5,15,3,0,5,3,12,20,375,401,11,4,6,4,1,1,0,0,5,15,0,0,2,5,2,4,4,11,1,4,2,1,,,3,3,287,321,23,17,,,38/66 (57%),30/51 (58%),4/16 (25%),4/17 (23%),34%,42%,61/203 (30%),88/203 (43%),37/79 (47%),31/79 (39%),15/35 (43%),30/43 (70%),11,4,52,50,8,18,,
11862799,61%,39%,0.55,0.71,8,8,3,0,5,3,12,16,544,350,4,2,4,3,1,2,0,0,8,8,0,0,5,4,3,1,4,5,4,3,0,3,15,9,2,2,459,267,25,14,61/80 (76%),32/55 (58%),27/53 (50%),33/63 (52%),7/22 (31%),3/9 (33%),37%,28%,43/123 (35%),26/121 (21%),17/37 (46%),18/36 (50%),17/20 (85%),5/8 (63%),4,2,14,14,3,9,3,3
11862807,63%,37%,2.78,0.42,19,5,0,5,4,1,14,14,611,272,2,2,3,1,4,2,0,0,19,5,1,0,5,3,6,1,14,3,5,2,1,3,28,11,2,1,532,205,27,17,51/65 (78%),38/56 (68%),23/37 (62%),16/41 (39%),11/22 (50%),1/6 (16%),43%,30%,65/150 (43%),42/155 (27%),13/28 (46%),14/26 (54%),30/37 (81%),7/13 (54%),2,2,11,18,15,32,1,2
11862804,31%,69%,0.84,1.99,8,18,4,2,4,11,10,7,216,653,9,5,2,4,2,2,0,0,8,18,0,0,4,11,1,4,5,12,3,6,0,2,,,4,0,146,578,16,23,,,24/53 (45%),28/43 (65%),2/7 (28%),17/38 (44%),39%,39%,53/143 (37%),54/143 (38%),19/40 (48%),18/40 (45%),7/12 (58%),17/31 (55%),9,5,43,40,35,8,,
11862806,42%,58%,1.94,0.28,11,3,1,5,3,3,20,20,322,456,4,5,7,5,2,1,0,0,11,3,0,0,4,2,3,0,6,1,5,2,1,0,14,5,2,0,263,386,23,27,26/44 (59%),50/71 (70%),19/41 (46%),35/59 (59%),4/9 (44%),4/9 (44%),40%,28%,49/131 (37%),38/141 (27%),20/39 (51%),12/36 (33%),19/29 (66%),12/21 (57%),4,5,12,14,13,12,,
11862800,41%,59%,2.32,0.52,13,8,4,4,2,1,14,7,290,479,12,8,2,9,2,1,0,0,13,8,0,0,7,3,0,1,9,3,4,5,5,2,14,5,3,1,236,413,15,24,25/43 (58%),33/52 (63%),28/48 (58%),38/58 (65%),6/10 (60%),4/14 (28%),41%,40%,43/105 (41%),44/115 (38%),19/45 (42%),20/43 (47%),18/27 (67%),23/36 (64%),12,8,14,13,21,11,,
11862803,42%,58%,0.03,0.94,2,12,4,1,1,8,17,10,359,455,3,3,1,0,2,1,1,0,2,12,0,1,1,4,0,4,0,8,2,4,1,4,4,22,2,3,288,360,26,20,25/44 (57%),45/71 (63%),27/51 (52%),35/68 (51%),6/13 (46%),8/24 (33%),30%,43%,35/135 (26%),55/130 (42%),17/38 (45%),18/38 (47%),11/19 (58%),25/35 (71%),3,3,28,10,25,14,2,1
11901219,28%,72%,0.27,0.77,3,8,4,0,0,7,13,6,207,558,6,4,2,4,1,2,0,0,3,8,0,0,3,4,0,1,1,5,2,3,2,3,,,3,3,151,476,15,24,,,20/45 (44%),31/59 (52%),0/1 (0%),12/29 (41%),32%,41%,40/154 (26%),70/154 (45%),27/51 (53%),15/51 (29%),6/8 (75%),23/35 (66%),6,4,52,23,26,8,,
11895141,71%,29%,1.78,0.96,18,8,1,3,10,3,11,11,618,272,2,5,1,4,2,1,0,0,18,8,1,0,6,5,5,0,7,8,11,0,3,1,,,0,4,545,193,10,12,,,40/59 (67%),36/69 (52%),3/20 (15%),3/11 (27%),41%,37%,46/125 (37%),44/125 (35%),24/45 (53%),19/45 (42%),14/15 (93%),17/21 (81%),2,5,22,53,6,10,,
11895143,54%,46%,1.34,1.43,13,14,2,4,2,4,16,17,354,338,8,13,3,3,2,3,0,0,13,14,0,0,7,8,2,4,5,7,8,7,1,7,9,14,0,0,281,275,24,16,26/45 (58%),30/47 (64%),25/47 (53%),28/48 (58%),3/9 (33%),7/17 (41%),39%,31%,48/127 (38%),40/142 (28%),13/29 (45%),16/38 (42%),31/47 (66%),11/16 (69%),8,13,18,19,19,17,3,1
11895140,59%,41%,2.39,2.92,16,10,3,4,4,3,20,13,408,272,3,2,4,6,4,2,1,1,16,10,0,1,6,5,4,0,10,6,6,4,2,1,22,15,2,5,337,218,18,14,53/71 (75%),16/23 (70%),27/45 (60%),11/29 (37%),11/23 (47%),2/8 (25%),36%,43%,41/118 (35%),43/111 (39%),21/53 (40%),28/54 (52%),23/34 (68%),11/16 (69%),3,2,14,34,9,25,1,3
11895145,55%,45%,1.33,0.71,10,8,2,2,2,0,14,13,497,396,8,4,4,1,2,2,0,1,10,8,0,0,6,3,1,2,6,4,4,4,5,4,25,14,2,2,406,307,34,17,51/69 (74%),35/55 (64%),33/53 (62%),26/48 (54%),9/22 (40%),6/13 (46%),32%,38%,41/130 (32%),41/128 (32%),15/40 (38%),24/39 (62%),23/40 (58%),15/17 (88%),8,4,20,23,3,28,1,1
11895139,68%,32%,2.05,1.02,17,8,1,3,8,1,19,16,579,249,0,7,5,3,2,2,0,0,17,8,1,0,6,4,5,2,12,5,5,3,5,2,39,11,1,5,501,175,24,18,57/72 (79%),20/38 (53%),26/45 (57%),30/53 (56%),11/28 (39%),1/6 (16%),42%,27%,51/138 (37%),39/138 (28%),27/47 (57%),13/49 (27%),29/40 (73%),8/23 (35%),0,7,18,17,7,25,5,1
11895152,45%,55%,1.36,0.85,14,8,2,5,3,1,12,12,358,405,7,3,6,5,3,2,0,0,14,8,0,0,5,6,4,1,8,3,6,5,1,6,22,12,1,4,279,311,26,24,32/49 (65%),33/53 (62%),42/70 (60%),25/52 (48%),3/11 (27%),3/12 (25%),38%,36%,34/116 (29%),44/123 (36%),37/70 (53%),26/70 (37%),8/17 (47%),16/20 (80%),7,3,14,31,17,22,2,9
11901258,54%,46%,1.20,0.40,10,5,1,3,1,2,9,15,407,368,0,4,4,1,4,2,1,0,10,5,0,0,4,3,2,0,6,3,4,2,3,0,23,10,0,1,324,297,27,21,39/66 (59%),31/47 (66%),25/60 (41%),31/52 (59%),9/27 (33%),1/7 (14%),46%,31%,54/122 (44%),33/116 (28%),14/25 (56%),11/25 (44%),16/25 (64%),7/15 (47%),0,4,13,17,6,27,1,5
11957213,55%,45%,0.49,0.86,5,6,2,1,2,3,11,23,380,327,5,9,7,3,5,6,1,0,5,6,1,0,1,2,1,1,2,2,3,4,2,3,19,10,2,3,293,254,21,22,33/53 (62%),33/55 (60%),31/58 (53%),23/45 (51%),4/17 (23%),2/10 (20%),41%,38%,53/120 (44%),39/122 (32%),12/36 (33%),22/36 (61%),21/26 (81%),10/15 (67%),5,9,18,28,11,20,1,3
11918825,53%,47%,2.32,1.55,14,8,4,5,4,2,15,5,495,414,1,4,1,6,1,2,0,0,14,8,0,0,7,3,1,0,9,6,5,2,6,1,20,11,3,2,398,325,19,26,52/74 (70%),28/46 (61%),20/44 (45%),41/74 (55%),9/21 (42%),6/19 (31%),40%,32%,38/131 (29%),41/128 (32%),39/59 (66%),19/56 (34%),15/19 (79%),13/19 (68%),1,4,14,22,30,15,3,3
11918826,60%,40%,2.74,0.57,18,9,3,5,4,3,17,9,689,339,4,11,1,1,1,1,0,0,18,9,0,0,8,4,1,2,13,3,5,6,2,2,31,15,4,0,627,279,13,10,49/66 (74%),26/43 (60%),23/34 (67%),26/40 (65%),7/14 (50%),4/9 (44%),36%,41%,40/114 (35%),35/85 (41%),7/14 (50%),6/15 (40%),15/22 (68%),13/18 (72%),4,11,23,18,5,8,1,2
11918829,44%,56%,0.95,1.23,12,9,2,3,4,5,8,16,337,446,6,4,9,2,3,5,0,0,12,9,0,0,4,4,4,3,7,4,5,5,0,5,15,22,0,0,290,381,20,16,29/36 (81%),57/66 (86%),23/33 (69%),27/43 (62%),3/11 (27%),10/28 (35%),39%,39%,57/155 (37%),63/160 (39%),20/41 (49%),14/37 (38%),25/38 (66%),22/35 (63%),6,4,20,19,20,18,,
11918827,68%,32%,1.46,1.13,18,9,3,1,5,1,9,13,619,226,3,6,5,4,2,3,0,1,18,9,0,0,10,4,6,2,9,3,9,6,2,1,,,6,0,514,153,23,24,,,33/62 (53%),24/51 (47%),18/32 (56%),3/7 (42%),42%,31%,52/137 (38%),28/116 (24%),26/66 (39%),31/65 (48%),26/35 (74%),15/24 (63%),3,6,35,61,8,27,,
11918830,45%,55%,1.90,1.65,15,10,3,6,5,4,14,3,387,419,3,0,1,0,1,4,0,0,15,10,0,0,4,6,5,0,8,7,7,3,2,0,19,8,3,0,297,343,24,19,35/73 (48%),38/59 (64%),24/58 (41%),31/66 (46%),5/21 (23%),5/8 (62%),42%,33%,44/119 (37%),42/126 (33%),20/33 (61%),12/33 (36%),13/21 (62%),13/17 (76%),3,0,13,29,13,15,1,6
11918828,36%,64%,1.04,1.84,6,9,4,1,1,4,14,9,250,595,3,10,0,5,1,0,0,0,6,9,0,0,3,4,0,0,4,8,2,1,1,3,7,16,1,10,173,495,19,26,20/35 (57%),67/91 (74%),30/52 (57%),38/57 (66%),1/8 (12%),9/32 (28%),33%,41%,23/102 (23%),45/108 (42%),27/46 (59%),20/48 (42%),9/15 (60%),4/7 (57%),3,10,25,23,12,3,1,1
11918831,31%,69%,0.70,1.88,6,10,5,1,2,6,20,17,184,455,8,4,2,7,4,3,0,0,6,10,0,0,2,4,1,2,2,7,4,3,1,4,4,17,5,0,118,370,12,28,14/31 (45%),51/78 (65%),16/49 (32%),38/70 (54%),1/4 (25%),4/18 (22%),32%,39%,32/114 (28%),44/119 (37%),19/44 (43%),20/44 (45%),9/14 (64%),16/22 (73%),8,4,24,15,24,4,1,1
11918832,26%,74%,0.43,1.83,4,26,8,0,3,12,8,11,134,630,2,5,1,2,3,2,0,0,4,26,0,0,2,9,0,8,1,14,3,12,0,3,2,41,1,0,83,569,16,20,5/19 (26%),106/112 (95%),16/39 (41%),30/41 (73%),3/5 (60%),25/40 (62%),32%,46%,37/126 (29%),58/133 (44%),23/61 (38%),31/60 (52%),13/25 (52%),37/48 (77%),2,5,18,10,22,9,3,1
11926454,54%,46%,0.24,0.58,4,5,1,0,8,2,8,15,462,447,10,2,1,4,2,1,0,0,4,5,0,0,1,3,3,0,2,3,2,2,0,1,,,1,7,368,374,18,14,,,21/53 (39%),23/47 (48%),6/22 (27%),2/19 (10%),38%,31%,57/145 (39%),42/145 (29%),7/20 (35%),10/20 (50%),20/24 (83%),12/18 (67%),10,2,37,45,9,20,,
11926462,55%,45%,0.73,1.33,13,8,2,6,1,3,10,9,462,383,5,4,2,3,2,3,0,1,13,8,0,0,4,2,1,3,7,6,6,2,3,3,14,17,4,0,387,309,23,19,37/65 (57%),39/52 (75%),27/54 (50%),25/47 (53%),3/14 (21%),5/13 (38%),39%,36%,54/135 (40%),43/137 (31%),14/37 (38%),21/38 (55%),28/40 (70%),19/31 (61%),5,4,22,18,15,13,1,5
11926453,61%,39%,2.69,0.29,23,4,0,7,5,2,6,14,534,285,6,3,6,1,2,3,0,1,23,4,0,0,8,3,7,0,12,2,11,2,0,1,31,7,2,0,436,214,27,24,80/101 (79%),23/45 (51%),38/59 (64%),20/46 (43%),17/43 (39%),2/6 (33%),41%,27%,57/139 (41%),24/133 (18%),19/46 (41%),25/46 (54%),23/32 (72%),3/11 (27%),6,3,14,30,4,53,1,1
11926456,54%,46%,1.41,1.16,18,15,2,4,3,2,19,16,457,334,11,5,4,8,5,0,1,0,18,15,0,0,9,6,3,6,9,7,9,8,2,0,18,12,0,2,384,264,16,28,64/83 (77%),28/38 (74%),26/40 (65%),27/44 (61%),7/15 (46%),4/6 (66%),33%,39%,34/111 (31%),34/108 (31%),27/73 (37%),37/70 (53%),8/16 (50%),11/23 (48%),11,5,20,13,11,12,1,9
11926465,41%,59%,1.61,0.90,9,10,0,1,0,8,25,12,251,408,4,4,2,4,5,4,0,0,9,10,1,0,5,7,1,3,6,4,3,6,1,6,13,9,1,2,164,305,18,24,33/54 (61%),36/65 (55%),23/55 (41%),30/66 (45%),1/11 (9%),3/19 (15%),43%,39%,47/140 (34%),58/145 (40%),48/80 (60%),30/78 (38%),17/23 (74%),14/21 (67%),4,4,27,17,22,24,5,1
11926455,60%,40%,2.46,2.15,14,8,2,3,4,2,16,13,387,268,6,3,5,5,3,5,0,0,14,8,0,0,6,2,3,2,7,5,7,3,2,2,12,12,4,3,298,201,24,19,38/61 (62%),22/36 (61%),42/71 (59%),24/42 (57%),6/27 (22%),1/7 (14%),44%,32%,63/150 (42%),43/141 (30%),24/45 (53%),16/41 (39%),38/48 (79%),15/25 (60%),6,3,16,25,10,24,2,2
11926459,68%,32%,1.98,0.38,13,7,2,1,6,7,14,7,585,237,5,4,1,6,2,4,0,0,13,7,0,0,3,1,6,3,8,3,5,4,2,1,24,12,3,1,511,178,18,16,46/63 (73%),21/36 (58%),30/46 (65%),21/47 (44%),7/17 (41%),1/11 (9%),38%,34%,37/114 (32%),45/122 (37%),20/34 (59%),9/35 (26%),13/18 (72%),11/19 (58%),5,4,6,16,17,13,1,4
11926457,63%,37%,3.05,0.14,15,6,3,2,5,1,15,10,621,333,4,8,1,2,1,2,0,0,15,6,1,0,8,2,1,1,10,2,5,4,3,0,,,0,8,552,252,14,29,,,38/62 (61%),22/60 (36%),5/10 (50%),2/5 (40%),45%,36%,51/124 (41%),39/125 (31%),26/42 (62%),16/42 (38%),21/34 (62%),13/18 (72%),4,8,42,35,15,8,,
11926458,58%,42%,1.84,0.94,14,12,4,4,5,3,13,10,667,373,2,6,2,1,3,1,0,0,14,12,0,0,2,3,6,5,13,5,1,7,6,2,,,3,1,581,305,21,21,,,28/50 (56%),27/56 (48%),8/23 (34%),5/11 (45%),40%,31%,62/159 (39%),52/159 (33%),11/23 (48%),6/23 (26%),20/23 (87%),6/16 (38%),2,6,43,43,18,19,,
11926460,53%,47%,0.99,1.04,15,14,5,5,10,2,17,11,450,321,4,3,1,5,1,3,0,0,15,14,0,0,4,6,4,3,6,5,9,9,1,4,20,10,3,4,365,249,17,10,33/45 (73%),40/52 (77%),29/45 (64%),26/48 (54%),8/26 (30%),5/14 (35%),39%,41%,48/125 (38%),46/130 (35%),19/46 (41%),30/53 (57%),18/24 (75%),13/17 (76%),4,3,23,22,7,15,1,1
11926464,42%,58%,2.95,1.09,10,13,1,1,8,4,9,13,216,397,8,4,2,2,5,4,1,0,10,13,0,0,2,7,4,3,7,3,3,10,0,2,,,3,4,166,321,14,15,,,27/48 (56%),14/34 (41%),5/11 (45%),3/20 (15%),38%,42%,42/128 (33%),53/128 (41%),26/50 (52%),23/50 (46%),14/19 (74%),17/24 (71%),8,4,50,26,7,20,,
11926452,38%,62%,1.66,1.86,10,19,5,3,1,11,19,7,260,509,10,2,2,5,2,2,0,0,10,19,0,0,2,8,3,7,6,13,4,6,0,1,17,35,1,1,185,409,18,22,14/30 (47%),55/81 (68%),15/37 (40%),27/49 (55%),3/5 (60%),9/27 (33%),26%,47%,41/179 (23%),86/181 (48%),16/40 (40%),18/39 (46%),9/11 (82%),44/50 (88%),10,2,31,32,25,3,3,1
11926461,42%,58%,0.19,1.22,7,5,0,0,1,2,20,14,350,456,7,3,4,3,1,2,0,0,7,5,0,1,5,3,2,1,3,3,4,2,2,1,,,4,6,265,364,10,19,,,25/63 (39%),29/56 (51%),4/12 (33%),6/10 (60%),34%,39%,36/118 (31%),40/117 (34%),24/48 (50%),20/44 (45%),12/19 (63%),15/17 (88%),7,3,41,44,13,15,,
11926451,41%,59%,1.59,1.90,11,10,3,4,4,4,17,14,232,359,11,10,2,5,1,2,0,0,11,10,1,0,3,2,2,4,5,8,6,2,4,1,11,17,2,0,150,295,35,29,24/41 (59%),43/55 (78%),30/53 (56%),38/55 (69%),2/12 (16%),9/13 (69%),32%,38%,45/153 (29%),52/151 (34%),27/66 (41%),33/72 (46%),13/19 (68%),11/25 (44%),11,10,15,11,24,28,2,4
11926450,36%,64%,1.69,2.86,13,24,10,1,3,7,11,10,266,561,3,5,2,5,2,3,1,0,13,24,1,0,5,7,3,8,5,13,8,11,3,0,14,32,3,2,207,473,12,17,25/39 (64%),67/91 (74%),33/54 (61%),44/75 (58%),4/12 (33%),12/29 (41%),37%,44%,42/121 (35%),54/128 (42%),23/51 (45%),25/51 (49%),18/27 (67%),32/39 (82%),3,5,25,17,34,5,9,2
11926463,40%,60%,0.97,2.98,8,15,2,4,3,5,10,11,312,543,3,4,0,2,1,1,0,0,8,15,0,1,3,6,0,2,7,10,1,5,3,2,7,13,2,3,247,483,22,17,39/57 (68%),28/41 (68%),20/39 (51%),22/32 (68%),2/9 (22%),3/9 (33%),31%,37%,34/124 (27%),43/124 (35%),15/31 (48%),12/24 (50%),6/14 (43%),16/27 (59%),3,4,18,13,7,14,3,2
12028726,42%,58%,1.56,1.04,8,4,1,2,5,6,18,13,297,459,1,5,1,4,4,3,0,0,8,4,0,0,3,2,1,0,6,2,2,2,2,3,9,8,2,2,233,390,24,19,23/34 (68%),34/53 (64%),24/40 (60%),29/50 (58%),4/13 (30%),2/11 (18%),31%,39%,28/105 (27%),38/104 (37%),16/35 (46%),18/39 (46%),5/9 (56%),8/14 (57%),1,5,12,13,16,9,,
12028730,45%,55%,2.22,0.88,12,13,1,5,1,5,11,17,351,429,4,0,6,3,3,4,0,0,12,13,0,0,3,4,3,5,6,3,6,10,3,4,12,14,2,2,285,360,20,18,48/72 (67%),41/60 (68%),24/53 (45%),30/47 (63%),2/11 (18%),4/13 (30%),29%,40%,31/121 (26%),45/121 (37%),13/28 (46%),16/30 (53%),9/17 (53%),11/17 (65%),4,0,10,13,10,10,4,1
12028718,47%,53%,0.46,0.98,8,11,1,1,2,3,13,10,373,370,5,4,1,2,1,2,0,0,8,11,0,0,4,5,2,3,3,2,5,9,4,1,14,6,0,4,304,302,30,28,38/56 (68%),30/50 (60%),44/66 (66%),20/46 (43%),2/11 (18%),2/13 (15%),34%,39%,45/150 (30%),59/148 (40%),23/46 (50%),21/53 (40%),15/25 (60%),28/42 (67%),5,4,22,34,16,25,4,1
12028720,37%,63%,1.08,1.91,6,16,3,0,4,11,12,9,273,491,4,7,1,1,1,2,1,0,6,16,0,0,4,8,1,4,4,13,2,3,0,6,5,28,0,4,201,404,15,30,27/50 (54%),55/81 (68%),22/51 (43%),29/57 (50%),5/14 (35%),8/25 (32%),33%,38%,38/129 (29%),47/135 (35%),18/38 (47%),20/38 (53%),12/19 (63%),7/16 (44%),4,7,15,12,19,7,4,1
12028729,61%,39%,1.37,1.07,20,9,4,2,7,2,11,12,452,285,4,7,3,4,2,1,0,0,20,9,0,0,14,2,4,1,11,6,9,3,7,3,18,12,2,1,363,209,28,23,60/83 (72%),37/62 (60%),45/71 (63%),31/61 (50%),8/32 (25%),4/4 (100%),41%,30%,45/130 (35%),25/113 (22%),46/89 (52%),35/87 (40%),24/33 (73%),7/15 (47%),4,7,16,17,12,22,2,2
12028719,52%,48%,5.04,0.47,23,8,4,11,5,3,14,11,504,379,5,3,2,3,2,2,0,0,23,8,1,0,5,2,4,3,19,3,4,5,11,4,38,5,2,2,441,316,23,24,48/57 (84%),30/52 (58%),23/36 (63%),33/61 (54%),4/11 (36%),3/16 (18%),36%,40%,37/102 (36%),43/118 (36%),8/21 (38%),14/23 (61%),27/34 (79%),17/23 (74%),5,3,11,11,20,9,,
12028728,38%,62%,0.09,1.96,2,21,7,2,0,8,20,10,285,449,8,2,0,8,4,0,0,0,2,21,0,0,0,9,0,5,0,13,2,8,2,2,,,2,4,215,352,15,38,17/35 (49%),52/83 (63%),20/53 (37%),31/61 (50%),0/2 (0%),19/47 (40%),23%,53%,27/141 (19%),75/143 (52%),19/51 (37%),25/44 (57%),10/15 (67%),42/51 (82%),8,2,17,15,54,4,,
12028725,38%,62%,0.48,2.80,5,17,3,2,5,4,12,21,340,591,8,2,4,4,2,2,0,0,5,17,0,2,2,6,1,3,2,11,3,6,1,7,8,27,4,0,273,538,16,16,19/27 (70%),54/59 (92%),22/45 (48%),27/33 (81%),1/7 (14%),11/19 (57%),39%,35%,56/136 (41%),40/133 (30%),9/27 (33%),17/29 (59%),24/34 (71%),15/26 (58%),8,2,18,21,19,16,3,3
12028722,41%,59%,2.09,0.96,12,10,2,4,3,7,16,11,244,379,2,4,1,3,4,4,0,0,12,10,0,0,4,5,2,2,9,7,3,3,3,4,,,2,0,181,299,27,34,,,25/39 (64%),31/55 (56%),9/20 (45%),6/18 (33%),39%,35%,55/141 (39%),49/141 (35%),22/54 (41%),21/54 (39%),16/21 (76%),13/21 (62%),2,4,69,38,33,17,,
12028727,65%,35%,0.61,1.72,10,13,2,1,4,5,7,5,617,314,8,4,2,0,1,1,0,0,10,13,0,0,7,2,1,7,5,10,5,3,3,2,17,23,2,0,541,238,23,12,80/102 (78%),28/36 (78%),45/72 (62%),31/51 (60%),8/28 (28%),8/17 (47%),36%,36%,39/103 (38%),21/83 (25%),17/49 (35%),27/50 (54%),14/21 (67%),6/10 (60%),8,4,15,16,11,22,2,2
12028723,45%,55%,0.83,0.20,9,6,0,2,5,3,13,19,274,365,7,7,3,5,2,0,0,0,9,6,0,0,4,3,2,2,5,2,4,4,2,2,12,8,1,2,189,266,22,34,41/74 (55%),41/70 (59%),33/65 (50%),35/68 (51%),5/13 (38%),4/17 (23%),42%,39%,44/133 (33%),57/143 (40%),48/84 (57%),31/82 (38%),18/28 (64%),17/29 (59%),7,7,23,24,25,19,1,6
12028716,56%,44%,0.42,0.22,6,4,2,0,3,2,18,11,446,408,3,6,1,3,3,3,0,0,6,4,0,0,5,1,0,1,4,2,2,2,2,3,,,3,5,368,325,25,40,,,35/63 (55%),16/46 (34%),2/10 (20%),1/2 (50%),38%,39%,52/147 (35%),56/147 (38%),18/33 (55%),15/33 (45%),14/21 (67%),14/21 (67%),3,6,47,34,11,9,,
12028724,42%,58%,1.63,0.70,16,7,1,3,6,7,15,12,286,434,7,1,6,4,3,0,0,0,16,7,2,0,7,4,3,2,8,4,8,3,2,1,16,13,0,3,218,354,25,32,28/47 (60%),42/64 (66%),18/37 (48%),29/50 (58%),5/10 (50%),6/23 (26%),36%,39%,36/106 (34%),49/135 (36%),14/30 (47%),17/32 (53%),10/17 (59%),18/27 (67%),7,1,13,5,30,16,,
12028721,45%,55%,0.39,0.99,5,8,1,1,5,7,15,16,380,458,10,3,3,1,2,3,0,0,5,8,0,0,4,1,0,5,2,5,3,3,1,8,7,27,1,3,304,387,25,27,34/55 (62%),54/75 (72%),28/55 (50%),26/56 (46%),6/13 (46%),3/14 (21%),33%,40%,35/130 (27%),61/142 (43%),17/26 (65%),8/27 (30%),14/23 (61%),28/43 (65%),10,3,14,22,17,20,,
12028715,50%,50%,1.59,0.37,13,4,0,5,5,4,19,9,463,423,11,3,0,5,3,2,0,0,13,4,1,0,4,4,2,0,8,2,5,2,2,0,,,4,6,277,274,18,17,,,23/53 (43%),20/55 (36%),2/14 (14%),0/14 (0%),31%,24%,42/165 (25%),37/165 (22%),22/36 (61%),12/36 (33%),8/24 (33%),16/27 (59%),11,3,38,46,19,11,,
12028717,62%,38%,3.57,0.76,17,7,4,5,12,1,18,5,549,291,6,4,1,8,2,2,0,0,17,7,0,0,5,1,2,0,13,4,4,3,0,3,,,0,1,474,216,13,25,,,29/51 (56%),20/45 (44%),7/16 (43%),2/13 (15%),48%,34%,72/159 (45%),55/159 (35%),20/31 (65%),10/31 (32%),30/41 (73%),12/21 (57%),6,4,40,46,20,13,,
12058056,66%,34%,1.17,1.36,13,7,1,3,7,1,9,9,537,221,3,3,3,2,0,2,0,0,13,7,0,0,6,4,4,1,6,5,7,2,2,1,,,2,0,435,152,29,37,,,42/70 (60%),26/51 (50%),10/40 (25%),6/10 (60%),38%,35%,34/110 (31%),35/111 (32%),42/86 (49%),31/89 (35%),8/14 (57%),14/17 (82%),3,3,34,74,12,38,,
12058057,63%,37%,0.57,0.39,10,6,3,2,3,6,14,14,564,318,3,7,3,2,1,3,0,0,10,6,0,0,7,2,1,1,6,3,4,3,3,0,19,6,1,1,495,254,21,17,50/65 (77%),24/35 (69%),26/41 (63%),20/37 (54%),10/17 (58%),2/9 (22%),37%,36%,37/112 (33%),36/112 (32%),22/45 (49%),22/45 (49%),12/21 (57%),15/22 (68%),3,7,13,14,11,13,,
12058067,32%,68%,1.67,1.18,12,13,4,4,4,7,12,11,227,626,5,2,3,3,1,1,0,0,12,13,0,0,4,8,4,1,9,7,3,6,2,3,17,17,4,0,166,561,19,17,17/34 (50%),73/87 (84%),17/40 (42%),19/30 (63%),5/9 (55%),7/20 (35%),39%,37%,44/104 (42%),34/112 (30%),6/22 (27%),16/23 (70%),22/27 (81%),13/25 (52%),5,2,10,16,21,7,1,2
12058063,56%,44%,0.74,0.10,9,4,1,5,5,1,8,13,518,331,7,7,1,0,0,2,0,0,9,4,0,0,2,2,2,1,6,0,3,4,1,0,23,8,7,0,429,270,19,20,51/76 (67%),34/57 (60%),32/63 (50%),25/47 (53%),11/26 (42%),1/8 (12%),47%,33%,54/122 (44%),48/147 (33%),22/39 (56%),15/42 (36%),23/32 (72%),25/41 (61%),7,7,13,24,10,22,,
12058058,52%,48%,1.39,1.41,14,11,4,5,5,4,7,12,404,408,4,9,1,1,3,3,1,0,14,11,0,0,6,7,2,1,7,7,7,4,1,3,21,13,2,3,343,343,16,18,43/56 (77%),41/58 (71%),32/49 (65%),25/42 (59%),5/17 (29%),13/26 (50%),41%,39%,38/91 (42%),32/94 (34%),17/40 (43%),21/41 (51%),18/27 (67%),15/20 (75%),4,9,19,20,16,11,6,2
12058059,29%,71%,0.86,2.47,7,23,4,2,1,12,10,7,245,654,6,3,1,1,3,2,0,0,7,23,0,0,2,10,0,8,4,17,3,6,1,4,,,2,2,182,566,9,29,,,22/43 (51%),22/46 (47%),2/7 (28%),18/43 (41%),26%,51%,34/139 (24%),71/139 (51%),18/54 (33%),29/54 (54%),4/9 (44%),24/37 (65%),6,3,53,29,23,4,,
12058068,48%,52%,1.50,2.51,10,15,7,3,4,10,9,9,360,440,10,6,3,3,0,4,1,0,10,15,0,1,6,4,0,2,6,11,4,4,0,9,9,27,2,0,278,350,22,23,37/53 (70%),48/87 (55%),31/65 (47%),26/51 (50%),1/8 (12%),7/20 (35%),36%,41%,38/120 (32%),48/121 (40%),23/45 (51%),16/33 (48%),22/36 (61%),22/31 (71%),10,6,25,12,19,12,7,1
12058054,56%,44%,1.44,0.52,13,8,0,2,1,4,16,17,432,326,8,3,4,6,2,5,1,1,13,8,1,0,6,4,2,2,6,2,7,6,6,1,10,9,0,0,367,266,16,16,27/48 (56%),32/44 (73%),19/45 (42%),24/44 (54%),6/16 (37%),4/10 (40%),39%,37%,42/108 (39%),36/108 (33%),13/31 (42%),16/31 (52%),15/22 (68%),11/18 (61%),8,3,22,19,23,19,4,1
12058061,50%,50%,1.85,1.98,14,12,4,2,14,6,8,9,345,370,3,5,1,0,1,1,0,0,14,12,0,0,7,5,5,0,7,9,7,3,1,5,15,18,4,5,269,299,21,22,38/59 (64%),31/52 (60%),30/46 (65%),30/50 (60%),7/23 (30%),5/13 (38%),40%,31%,56/138 (41%),27/122 (22%),19/48 (40%),27/52 (52%),28/36 (78%),10/12 (83%),3,5,14,25,17,33,1,4
12058060,62%,38%,1.71,0.39,15,6,0,7,3,0,12,12,517,274,6,1,4,3,1,0,0,0,15,6,0,0,5,4,3,2,9,2,6,4,3,0,20,6,3,0,440,203,29,23,56/74 (76%),22/44 (50%),19/41 (46%),23/56 (41%),12/29 (41%),2/4 (50%),40%,32%,42/118 (36%),34/118 (29%),20/37 (54%),16/35 (46%),15/20 (75%),12/15 (80%),6,1,15,20,13,16,3,9
12058066,66%,34%,2.76,1.73,16,13,3,6,11,1,8,18,580,248,9,10,2,0,1,3,0,0,16,13,0,0,4,6,6,1,11,6,5,7,5,3,23,14,1,0,499,175,27,29,84/101 (83%),19/36 (53%),37/52 (71%),22/47 (46%),21/51 (41%),3/7 (42%),49%,34%,51/96 (53%),20/94 (21%),32/72 (44%),37/70 (53%),28/33 (85%),6/14 (43%),9,10,17,22,4,38,,
12058065,47%,53%,1.01,0.20,9,5,2,2,6,4,24,11,302,391,7,2,7,6,3,2,0,0,9,5,1,0,3,2,2,1,7,1,2,4,1,1,14,6,1,3,228,313,22,24,36/62 (58%),31/47 (66%),31/65 (47%),31/57 (54%),2/10 (20%),6/12 (50%),35%,39%,45/147 (31%),52/148 (35%),24/50 (48%),27/52 (52%),17/23 (74%),26/35 (74%),7,2,19,14,9,14,,
12058064,33%,67%,0.65,1.27,7,15,2,3,0,7,10,5,291,647,9,2,1,2,2,4,0,0,7,15,0,0,4,8,0,5,3,7,4,8,3,2,,,5,10,214,560,10,18,,,29/49 (59%),22/52 (42%),0/5 (0%),4/16 (25%),36%,38%,39/119 (33%),45/119 (38%),15/28 (54%),11/28 (39%),11/14 (79%),18/24 (75%),9,2,47,37,28,4,,
12058069,46%,54%,1.74,2.60,14,18,6,7,9,11,4,17,357,377,1,0,4,1,0,3,0,0,14,18,0,1,5,7,2,3,9,12,5,6,1,4,19,23,2,4,265,280,21,24,59/74 (80%),33/71 (46%),40/70 (57%),32/61 (52%),5/19 (26%),3/15 (20%),39%,40%,53/126 (42%),37/115 (32%),16/48 (33%),31/51 (61%),18/21 (86%),14/20 (70%),1,0,24,17,16,20,2,2
12058062,63%,37%,1.62,0.23,14,6,3,6,3,4,12,8,696,371,5,9,0,2,1,2,0,1,14,6,0,0,2,2,2,2,9,0,5,6,3,2,,,5,1,615,300,19,35,,,28/51 (54%),25/53 (47%),2/7 (28%),1/8 (12%),50%,27%,81/168 (48%),46/168 (27%),14/22 (64%),7/22 (32%),27/36 (75%),17/26 (65%),5,9,34,44,14,12,,
12058055,58%,42%,1.26,0.37,14,3,0,6,7,1,17,7,480,256,10,5,2,4,1,2,0,0,14,3,0,0,7,1,1,2,6,3,8,0,1,0,22,5,3,0,387,177,18,25,62/80 (78%),14/35 (40%),33/54 (61%),22/45 (48%),8/26 (30%),0/2 (0%),41%,31%,53/139 (38%),28/120 (23%),35/71 (49%),30/65 (46%),23/31 (74%),8/17 (47%),10,5,14,14,19,23,,
12076517,69%,31%,2.11,0.66,20,7,1,7,6,4,11,13,501,228,2,6,3,2,1,0,0,0,20,7,1,0,7,4,3,2,11,4,9,3,4,1,,,2,3,453,175,22,16,,,26/37 (70%),19/44 (43%),11/24 (45%),4/12 (33%),46%,34%,67/143 (47%),46/143 (32%),11/26 (42%),12/26 (46%),24/37 (65%),11/18 (61%),2,6,28,45,16,14,,
12076516,33%,67%,0.22,1.04,6,18,4,1,1,13,7,10,226,616,5,1,1,2,1,0,0,0,6,18,0,0,3,7,1,6,2,11,4,7,1,12,5,38,1,1,147,521,19,32,20/39 (51%),73/92 (79%),27/53 (50%),39/59 (66%),1/8 (12%),18/48 (37%),38%,40%,29/90 (32%),37/97 (38%),32/69 (46%),29/67 (43%),11/17 (65%),16/25 (64%),5,1,19,17,36,13,,
12076515,50%,50%,0.67,0.42,9,9,2,3,4,4,11,12,401,431,6,1,2,3,0,3,0,0,9,9,0,1,4,3,1,2,7,2,2,7,3,3,10,15,1,3,339,360,21,28,29/43 (67%),37/63 (59%),42/66 (63%),19/46 (41%),4/11 (36%),4/12 (33%),41%,32%,41/124 (33%),32/105 (30%),37/62 (60%),22/63 (35%),14/22 (64%),9/17 (53%),6,1,23,8,26,16,4,1
12076519,45%,55%,1.24,1.80,5,21,5,1,0,12,17,12,297,436,5,7,1,6,1,4,1,0,5,21,0,2,2,8,1,6,5,13,0,8,0,3,9,29,3,2,226,330,21,32,19/36 (53%),47/71 (66%),37/60 (61%),28/60 (46%),1/6 (16%),10/33 (30%),29%,52%,38/142 (27%),69/144 (48%),27/79 (34%),49/79 (62%),13/19 (68%),31/40 (78%),5,7,20,11,32,10,,
12076508,62%,38%,1.81,1.67,23,9,4,3,7,3,3,10,538,331,7,6,3,0,0,1,0,1,23,9,2,0,9,2,7,2,11,5,12,4,8,3,22,9,2,0,437,249,33,22,54/77 (70%),29/47 (62%),48/79 (60%),27/49 (55%),9/27 (33%),4/14 (28%),44%,32%,46/117 (39%),45/136 (33%),25/43 (58%),11/35 (31%),27/44 (61%),20/35 (57%),7,6,23,36,16,20,1,7
12076512,49%,51%,0.82,0.25,12,7,4,5,5,2,11,11,426,417,4,4,1,4,3,2,0,1,12,7,0,0,3,1,4,1,5,2,7,5,1,0,16,8,3,1,344,341,13,27,35/58 (60%),36/74 (49%),32/56 (57%),40/69 (57%),3/15 (20%),2/10 (20%),36%,36%,45/134 (34%),48/136 (35%),19/42 (45%),17/40 (43%),26/34 (76%),21/33 (64%),4,4,18,18,17,20,2,1
12099757,48%,52%,0.44,2.05,7,22,5,0,3,9,12,8,350,415,11,6,1,1,1,2,0,0,7,22,0,0,5,14,2,3,2,11,5,11,1,2,7,25,1,0,277,324,10,23,31/46 (67%),38/69 (55%),27/57 (47%),28/61 (45%),2/7 (28%),8/26 (30%),32%,47%,52/164 (32%),68/142 (48%),13/39 (33%),17/36 (47%),19/25 (76%),40/52 (77%),11,6,32,15,11,4,3,1
12099755,56%,44%,2.05,1.40,15,8,1,3,9,2,17,21,427,351,6,2,7,1,2,2,0,0,15,8,0,0,6,3,5,2,10,6,5,2,1,0,21,11,2,0,352,283,20,16,32/51 (63%),24/40 (60%),27/48 (56%),20/34 (58%),6/20 (30%),3/6 (50%),41%,36%,53/135 (39%),48/132 (36%),18/38 (47%),15/39 (38%),19/28 (68%),13/18 (72%),6,2,20,19,10,26,3,6
12076487,52%,48%,1.56,0.96,12,9,4,2,5,4,8,9,475,393,4,8,1,4,3,1,0,0,12,9,0,1,4,4,4,1,6,4,6,5,3,1,13,9,1,1,411,325,21,18,47/63 (75%),31/49 (63%),12/29 (41%),31/55 (56%),5/17 (29%),1/15 (6%),32%,37%,28/99 (28%),41/112 (37%),15/35 (43%),14/36 (39%),17/26 (65%),19/27 (70%),4,8,18,22,11,8,,
12076503,50%,50%,1.42,1.86,16,17,5,6,6,7,14,12,384,390,2,3,4,3,3,2,1,0,16,17,0,1,7,5,2,5,7,9,9,8,1,0,,,4,0,302,306,26,31,,,22/45 (48%),26/49 (53%),6/21 (28%),5/20 (25%),42%,36%,58/138 (42%),46/139 (33%),13/34 (38%),18/33 (55%),18/26 (69%),18/32 (56%),2,3,57,54,17,24,,
12076490,48%,52%,1.96,0.50,10,11,3,1,4,5,18,7,374,431,5,4,0,8,6,3,0,0,10,11,0,0,3,5,4,3,7,4,3,7,0,0,12,13,1,1,282,333,23,27,42/65 (65%),48/81 (59%),22/59 (37%),31/65 (47%),3/13 (23%),3/13 (23%),30%,45%,35/128 (27%),61/136 (45%),18/43 (42%),19/40 (48%),12/22 (55%),18/33 (55%),5,4,14,14,14,13,5,2
12076491,59%,41%,0.93,0.30,12,6,2,2,9,4,19,9,458,302,2,3,3,4,2,2,0,0,12,6,0,0,6,4,2,1,9,2,3,4,2,3,20,7,3,2,381,231,23,23,37/54 (69%),16/33 (48%),34/59 (57%),19/37 (51%),4/15 (26%),1/8 (12%),37%,36%,49/144 (34%),49/143 (34%),17/32 (53%),14/32 (44%),14/28 (50%),7/15 (47%),2,3,16,15,6,17,1,6
12076505,73%,27%,0.98,0.24,13,6,4,1,7,2,11,14,640,214,3,6,2,4,1,2,0,1,13,6,0,1,6,1,3,2,9,1,4,5,1,1,,,4,4,579,164,15,17,,,34/52 (65%),25/43 (58%),6/20 (30%),1/6 (16%),48%,30%,55/132 (42%),43/132 (33%),33/51 (65%),12/51 (24%),17/21 (81%),6/10 (60%),3,6,37,45,14,19,,
12076493,43%,57%,0.57,1.43,8,17,7,3,1,2,15,10,460,517,8,9,2,4,2,2,0,0,8,17,0,0,4,5,0,6,5,6,3,11,2,2,15,15,2,0,391,444,9,29,45/61 (74%),49/69 (71%),22/37 (59%),27/58 (46%),11/24 (45%),8/17 (47%),37%,41%,42/131 (32%),55/128 (43%),22/39 (56%),17/46 (37%),18/32 (56%),32/43 (74%),8,9,16,19,19,5,5,3
12099775,56%,44%,1.03,1.05,12,10,3,4,3,6,11,13,421,341,8,18,3,2,2,3,0,0,12,10,0,0,4,4,4,2,4,6,8,4,4,3,17,10,2,5,336,257,28,16,50/65 (77%),22/44 (50%),31/52 (59%),31/58 (53%),6/22 (27%),0/5 (0%),39%,39%,59/136 (43%),42/130 (32%),13/45 (29%),29/48 (60%),23/30 (77%),18/30 (60%),8,18,20,28,6,17,1,3
12099774,40%,60%,0.13,2.07,2,13,5,1,1,10,13,10,309,508,4,0,5,2,0,0,0,0,2,13,0,1,1,5,0,2,0,10,2,3,1,7,,,0,6,243,431,16,20,19/36 (53%),44/60 (73%),29/51 (56%),31/53 (58%),1/9 (11%),12/34 (35%),35%,42%,25/107 (23%),49/104 (47%),30/49 (61%),17/51 (33%),7/11 (64%),28/35 (80%),4,0,22,14,32,13,,
12099753,47%,53%,0.12,1.43,6,12,3,0,4,6,10,16,425,506,8,3,7,0,1,4,0,0,6,12,0,1,5,5,1,3,1,6,5,6,2,2,4,15,2,2,346,435,22,18,34/54 (63%),51/68 (75%),27/47 (57%),32/48 (66%),1/7 (14%),11/23 (47%),35%,39%,30/93 (32%),34/103 (33%),18/41 (44%),23/43 (53%),11/21 (52%),15/23 (65%),8,3,23,14,14,15,,
12099759,60%,40%,0.98,1.20,11,13,2,2,7,1,8,5,478,298,2,3,3,1,3,1,0,0,11,13,0,0,3,6,3,3,4,5,7,8,3,1,11,14,3,3,398,224,20,22,37/58 (64%),29/52 (56%),27/51 (52%),37/65 (56%),5/16 (31%),5/13 (38%),41%,40%,39/105 (37%),40/106 (38%),29/57 (51%),26/59 (44%),16/23 (70%),17/21 (81%),2,3,14,21,19,18,,
12099754,34%,66%,1.79,2.25,9,14,3,5,8,8,18,9,277,522,10,6,2,4,7,1,1,0,9,14,0,0,2,4,1,5,6,7,3,7,2,5,14,21,1,0,209,440,14,25,24/44 (55%),49/63 (78%),25/47 (53%),36/54 (66%),1/9 (11%),4/21 (19%),34%,42%,25/101 (25%),50/116 (43%),24/43 (56%),18/43 (42%),8/14 (57%),27/34 (79%),10,6,21,34,27,16,,
12099762,40%,60%,3.38,1.19,13,11,5,3,4,6,22,9,248,355,4,9,1,6,2,1,0,0,13,11,0,0,5,4,2,2,9,5,4,6,1,0,20,17,2,1,172,282,20,26,17/34 (50%),35/50 (70%),16/40 (40%),29/53 (54%),4/7 (57%),12/22 (54%),35%,44%,37/122 (30%),58/120 (48%),23/47 (49%),16/46 (35%),10/16 (63%),21/33 (64%),4,9,15,14,21,13,4,1
12099758,51%,49%,0.86,0.52,14,8,1,0,5,5,19,17,356,362,6,7,6,3,0,2,0,0,14,8,0,0,7,1,6,4,6,3,8,5,1,7,,,0,0,275,283,28,17,,,54/89 (60%),26/52 (50%),5/16 (31%),5/16 (31%),38%,40%,35/122 (29%),50/129 (39%),28/56 (50%),32/68 (47%),18/34 (53%),25/31 (81%),6,7,45,57,10,33,,
12099756,63%,37%,1.69,0.75,18,9,2,2,6,5,7,12,539,272,3,4,6,1,2,3,0,0,18,9,0,0,10,4,5,4,10,4,8,5,4,1,35,8,2,4,464,204,20,15,73/90 (81%),28/43 (65%),14/28 (50%),24/41 (58%),6/21 (28%),2/9 (22%),39%,31%,55/148 (37%),42/144 (29%),15/28 (54%),12/26 (46%),29/39 (74%),17/30 (57%),3,4,20,17,10,15,3,4
12167163,51%,49%,2.61,0.70,11,10,3,2,2,5,24,15,390,332,5,4,3,8,3,3,0,1,11,10,0,0,6,3,1,3,5,5,6,5,2,0,18,12,3,3,320,272,17,16,32/46 (70%),24/41 (59%),18/39 (46%),24/42 (57%),3/16 (18%),5/12 (41%),39%,38%,44/125 (35%),50/127 (39%),23/45 (51%),15/43 (35%),14/20 (70%),19/25 (76%),5,4,16,24,23,14,3,1
12167164,51%,49%,1.26,1.00,7,7,2,2,1,3,12,16,422,414,4,3,2,4,2,4,0,1,7,7,2,0,2,2,1,1,4,4,3,3,5,7,,,6,3,337,345,17,18,,,28/57 (49%),43/73 (58%),5/16 (31%),6/14 (42%),42%,37%,72/172 (42%),61/172 (35%),8/18 (44%),10/18 (56%),21/28 (75%),21/32 (66%),4,3,41,42,15,4,,
12099760,55%,45%,0.82,1.57,10,10,3,1,5,8,14,2,462,370,13,6,0,2,2,0,0,0,10,10,0,2,4,2,5,3,5,6,5,4,9,0,,,0,1,381,283,35,35,,,43/64 (67%),24/46 (52%),8/27 (29%),5/19 (26%),36%,38%,67/203 (33%),77/203 (38%),29/60 (48%),25/60 (42%),26/38 (68%),21/31 (68%),13,6,68,35,5,27,,
12099763,40%,60%,0.56,0.58,9,8,2,3,8,2,8,10,321,510,7,8,3,1,0,1,1,0,9,8,0,0,5,5,2,1,4,2,5,6,1,1,,,2,6,217,418,26,16,,,21/65 (32%),26/54 (48%),2/16 (12%),5/16 (31%),46%,34%,67/141 (48%),44/141 (31%),12/29 (41%),14/29 (48%),22/26 (85%),11/15 (73%),7,8,45,47,8,17,,
12099783,45%,55%,1.72,0.44,12,13,3,1,2,4,22,11,346,456,7,5,2,5,2,2,0,0,12,13,1,0,5,5,1,5,7,2,5,11,5,4,20,4,1,1,277,385,16,21,32/46 (70%),56/76 (74%),27/50 (54%),34/52 (65%),3/12 (25%),1/13 (7%),39%,39%,52/144 (36%),59/144 (41%),17/31 (55%),10/31 (32%),22/33 (67%),30/41 (73%),7,5,33,21,10,6,,
12099776,53%,47%,1.11,2.52,19,10,4,5,7,1,14,12,447,395,9,6,3,3,5,1,0,0,19,10,0,0,7,5,5,0,8,4,11,6,2,1,16,6,0,0,367,312,24,24,40/53 (75%),40/68 (59%),38/53 (71%),26/59 (44%),12/19 (63%),6/10 (60%),40%,36%,45/121 (37%),40/119 (34%),15/26 (58%),15/31 (48%),18/27 (67%),18/24 (75%),9,6,23,18,17,20,1,6
12099771,45%,55%,0.76,1.16,7,13,7,2,7,2,22,7,315,355,7,3,4,7,5,1,0,0,7,13,0,0,3,3,2,1,4,5,3,8,0,1,19,16,2,5,237,279,27,17,35/50 (70%),22/35 (63%),30/52 (57%),29/43 (67%),6/16 (37%),2/10 (20%),27%,46%,33/115 (29%),48/120 (40%),9/40 (23%),25/38 (66%),13/22 (59%),16/24 (67%),7,3,20,10,9,22,3,3
12099769,52%,48%,1.29,1.32,11,11,4,1,4,5,13,19,361,369,9,5,5,2,0,2,0,0,11,11,0,0,6,2,4,4,8,5,3,6,1,3,,,1,1,292,295,22,19,,,41/54 (75%),29/53 (54%),12/27 (44%),4/8 (50%),40%,37%,58/161 (36%),55/155 (35%),25/58 (43%),29/57 (51%),19/28 (68%),21/33 (64%),9,5,38,45,15,16,,
12099772,46%,54%,1.39,1.21,6,9,1,4,4,6,11,9,388,489,2,2,0,1,0,0,0,0,6,9,0,0,2,4,0,3,5,5,1,4,3,1,9,13,2,2,309,413,23,22,36/48 (75%),47/61 (77%),28/53 (52%),39/64 (60%),7/22 (31%),4/8 (50%),38%,36%,32/82 (39%),21/76 (28%),13/34 (38%),23/44 (52%),9/14 (64%),17/20 (85%),2,2,14,20,13,12,2,1
12099777,36%,64%,1.07,1.97,12,15,2,3,2,3,10,11,284,580,8,7,6,2,3,0,0,0,12,15,0,0,6,6,4,5,9,10,3,5,0,0,14,23,3,0,205,503,33,23,43/60 (72%),54/71 (76%),39/63 (61%),27/49 (55%),8/20 (40%),8/22 (36%),37%,42%,39/118 (33%),46/120 (38%),24/52 (46%),26/49 (53%),16/24 (67%),19/29 (66%),8,7,17,16,11,21,3,2
12099773,50%,50%,0.74,0.61,9,7,5,3,1,5,14,7,439,431,6,7,3,4,2,4,0,0,9,7,0,0,5,1,0,1,4,3,5,4,2,2,10,12,2,3,348,339,23,20,34/58 (59%),43/67 (64%),38/64 (59%),43/84 (51%),4/11 (36%),6/12 (50%),45%,35%,49/137 (36%),51/139 (37%),37/54 (69%),16/52 (31%),22/34 (65%),14/24 (58%),6,7,20,26,10,13,3,2
12099778,64%,36%,2.14,0.22,15,2,1,2,5,2,10,9,502,255,1,5,3,2,1,2,0,0,15,2,1,0,8,1,3,0,8,2,7,0,2,0,14,3,4,1,433,187,26,30,52/72 (72%),19/38 (50%),30/43 (69%),35/63 (55%),5/14 (35%),4/10 (40%),44%,28%,48/112 (43%),25/96 (26%),23/46 (50%),15/46 (33%),15/24 (63%),9/16 (56%),1,5,16,13,15,15,,
12099781,57%,43%,0.89,2.01,14,13,3,6,4,2,11,18,403,276,10,7,6,5,2,4,0,0,14,13,0,0,3,7,5,2,7,9,7,4,3,1,,,1,4,314,195,24,25,,,27/47 (57%),19/49 (38%),2/8 (25%),8/21 (38%),34%,38%,45/158 (28%),60/158 (38%),18/37 (49%),16/36 (44%),25/32 (78%),33/44 (75%),10,7,38,43,9,15,,
12099782,58%,42%,2.13,0.25,14,4,0,4,7,3,9,8,554,301,1,5,3,1,1,1,0,0,14,4,0,0,6,1,1,2,12,1,2,3,3,0,,,2,8,470,225,17,22,,,23/39 (58%),26/59 (44%),8/20 (40%),0/6 (0%),41%,32%,45/113 (40%),37/113 (33%),10/18 (56%),5/18 (28%),15/19 (79%),9/14 (64%),1,5,35,45,10,20,,
12099779,56%,44%,1.27,0.34,17,9,2,3,3,6,14,11,455,316,5,10,2,7,3,3,1,1,17,9,0,0,10,2,4,5,4,5,13,4,1,0,17,11,4,0,387,253,15,19,51/68 (75%),30/43 (70%),24/46 (52%),25/47 (53%),6/15 (40%),2/13 (15%),40%,38%,32/108 (30%),47/111 (42%),26/35 (74%),8/32 (25%),12/17 (71%),16/18 (89%),5,10,13,22,13,9,1,4
12099770,35%,65%,0.44,1.39,5,16,7,1,2,5,12,13,238,506,3,4,3,4,4,1,0,0,5,16,0,0,4,7,0,3,2,8,3,8,1,5,6,20,6,1,187,441,18,15,18/41 (44%),62/79 (78%),34/55 (61%),47/64 (73%),1/3 (33%),14/26 (53%),45%,38%,26/84 (31%),37/85 (44%),36/52 (69%),15/51 (29%),10/15 (67%),19/25 (76%),3,4,26,12,10,4,5,1
12099768,65%,35%,1.15,1.55,15,9,1,3,7,3,7,10,568,338,9,7,3,2,2,2,0,0,15,9,0,1,6,4,6,2,4,7,11,2,3,0,11,11,2,1,461,235,26,21,61/89 (69%),25/51 (49%),43/75 (57%),29/68 (42%),4/19 (21%),5/13 (38%),41%,37%,48/131 (37%),44/127 (35%),25/44 (57%),22/50 (44%),16/24 (67%),17/21 (81%),9,7,32,20,7,18,3,3
12099780,56%,44%,0.81,0.47,8,5,2,3,2,7,13,14,487,371,2,3,1,1,3,3,0,1,8,5,0,0,2,3,1,0,4,3,4,2,1,0,10,8,1,1,416,297,11,15,44/62 (71%),26/50 (52%),29/46 (63%),21/41 (51%),7/20 (35%),7/17 (41%),40%,39%,41/113 (36%),43/114 (38%),19/34 (56%),15/33 (45%),14/19 (74%),12/16 (75%),2,3,10,9,13,6,,
12235293,60%,40%,1.32,0.75,18,12,1,8,8,1,9,16,452,272,2,11,5,2,2,0,0,0,18,12,0,0,8,7,2,3,5,4,13,8,1,2,17,5,0,2,388,225,29,18,50/72 (69%),38/51 (75%),44/65 (67%),31/54 (57%),8/23 (34%),0/2 (0%),40%,36%,37/97 (38%),28/95 (29%),18/40 (45%),20/38 (53%),14/18 (78%),15/21 (71%),2,11,11,12,11,18,1,2
12235297,48%,52%,1.25,0.65,8,7,3,2,3,1,12,17,385,450,3,5,3,3,2,2,0,0,8,7,0,0,2,2,3,1,5,3,3,4,3,4,12,9,1,2,314,372,24,29,35/63 (56%),48/66 (73%),51/77 (66%),29/46 (63%),3/9 (33%),2/13 (15%),40%,34%,45/132 (34%),43/104 (41%),27/45 (60%),8/42 (19%),15/19 (79%),19/26 (73%),3,5,28,18,5,20,,
12235292,48%,52%,0.40,1.70,7,10,4,0,7,8,11,13,405,436,6,4,0,4,1,3,0,0,7,10,0,1,6,2,1,2,4,7,3,3,0,2,,,2,2,329,354,15,23,,,28/48 (58%),16/41 (39%),5/20 (25%),0/10 (0%),38%,37%,56/147 (38%),52/147 (35%),9/24 (38%),12/24 (50%),17/25 (68%),19/23 (83%),6,4,46,54,22,22,,
12235294,52%,48%,2.43,1.62,12,9,3,0,4,2,10,12,428,365,3,2,4,1,0,0,0,0,12,9,0,0,8,2,2,2,8,5,4,4,6,5,,,3,1,364,291,20,27,,,38/59 (64%),26/53 (49%),11/20 (55%),4/7 (57%),37%,35%,46/122 (38%),31/115 (27%),16/40 (40%),21/38 (55%),24/30 (80%),18/26 (69%),3,2,34,25,17,13,,
12235299,48%,52%,1.36,1.70,9,7,0,1,1,5,17,19,300,310,5,2,4,4,3,3,1,0,9,7,0,0,5,3,2,2,4,4,5,3,1,2,12,11,0,3,231,250,24,19,36/53 (68%),26/39 (67%),23/44 (52%),31/53 (58%),8/17 (47%),5/14 (35%),37%,36%,49/131 (37%),45/132 (34%),11/29 (38%),13/29 (45%),17/22 (77%),16/26 (62%),5,2,15,12,15,11,,
12235295,43%,57%,0.92,1.42,7,21,10,2,4,4,15,8,285,373,4,0,2,6,2,2,0,0,7,21,0,0,3,7,2,2,1,8,6,13,0,2,3,18,1,1,202,286,24,26,27/41 (66%),34/54 (63%),17/37 (45%),33/56 (58%),2/11 (18%),4/13 (30%),36%,43%,37/117 (32%),47/115 (41%),24/48 (50%),24/49 (49%),15/21 (71%),20/26 (77%),4,0,18,26,26,15,4,3
12235291,36%,64%,0.22,1.82,3,18,6,2,2,10,8,12,301,586,15,1,6,1,4,2,0,0,3,18,0,0,1,7,0,3,2,7,1,11,1,1,6,26,1,0,239,516,15,31,20/39 (51%),62/74 (84%),20/40 (50%),21/37 (56%),6/12 (50%),8/21 (38%),32%,40%,35/114 (31%),41/107 (38%),10/25 (40%),14/28 (50%),10/22 (45%),21/28 (75%),15,1,22,17,22,6,,
12235298,45%,55%,0.69,0.75,6,7,2,1,3,7,6,12,336,486,2,6,1,2,1,1,1,0,6,7,0,0,2,4,2,0,4,4,2,3,3,3,,,0,6,266,386,13,20,,,22/42 (52%),17/49 (34%),3/12 (25%),7/18 (38%),33%,41%,58/167 (35%),63/167 (38%),8/29 (28%),19/29 (66%),19/33 (58%),17/28 (61%),2,6,64,27,15,11,,
12235300,47%,53%,0.49,1.76,12,9,2,5,7,7,11,12,383,420,11,7,3,1,1,2,0,0,12,9,1,0,5,5,1,1,5,5,7,4,1,4,11,23,2,2,312,335,29,19,48/64 (75%),29/48 (60%),30/43 (69%),31/54 (57%),3/12 (25%),7/17 (41%),35%,37%,27/107 (25%),44/114 (39%),27/47 (57%),17/49 (35%),17/28 (61%),12/17 (71%),11,7,17,15,19,19,2,3
12235296,49%,51%,1.72,1.13,16,7,3,5,5,7,9,13,487,467,8,1,2,2,3,3,0,1,16,7,0,0,3,3,6,0,8,5,8,2,2,1,24,16,1,0,424,387,9,16,34/54 (63%),46/67 (69%),33/54 (61%),27/49 (55%),4/9 (44%),6/18 (33%),37%,33%,40/111 (36%),26/98 (27%),19/48 (40%),22/47 (47%),20/27 (74%),7/13 (54%),8,1,23,16,18,14,,
12235301,62%,38%,0.10,0.44,11,5,1,2,8,3,15,16,498,251,5,7,4,3,4,3,0,0,11,5,0,0,4,4,4,0,1,3,10,2,0,0,9,5,0,1,408,191,23,22,41/65 (63%),19/41 (46%),20/56 (35%),21/41 (51%),2/19 (10%),4/9 (44%),50%,30%,62/132 (47%),37/130 (28%),18/28 (64%),10/25 (40%),25/31 (81%),9/17 (53%),5,7,15,25,20,23,,
12235307,57%,43%,1.46,0.65,12,7,3,3,1,4,13,22,491,394,8,4,5,5,0,2,0,0,12,7,0,0,4,4,4,0,8,4,4,3,3,6,,,1,2,410,323,22,16,,,43/66 (65%),29/56 (51%),3/10 (30%),7/22 (31%),42%,34%,74/180 (41%),58/180 (32%),17/35 (49%),16/35 (46%),20/26 (77%),18/27 (67%),8,4,40,45,16,14,,
12235306,60%,40%,0.18,0.33,8,4,1,3,11,3,11,7,439,280,2,9,3,1,3,4,0,1,8,4,0,0,5,2,1,0,3,2,5,2,0,2,,,2,5,361,227,28,20,,,23/44 (52%),24/42 (57%),6/20 (30%),0/7 (0%),35%,36%,62/179 (35%),62/179 (35%),15/35 (43%),16/35 (46%),22/25 (88%),17/21 (81%),2,9,46,45,4,30,,
12235304,68%,32%,1.87,1.53,16,6,1,1,5,1,10,7,598,275,3,8,2,1,1,2,0,0,16,6,0,0,8,3,4,1,11,3,5,3,6,2,40,4,1,4,517,217,15,11,86/104 (83%),25/42 (60%),32/48 (66%),24/40 (60%),13/39 (33%),1/6 (16%),42%,36%,49/125 (39%),41/123 (33%),22/41 (54%),19/41 (46%),17/22 (77%),12/19 (63%),3,8,5,33,1,28,,
12235303,48%,52%,1.13,1.65,8,17,4,2,2,8,5,11,392,421,5,3,2,0,0,3,0,0,8,17,1,0,4,7,0,4,6,7,2,10,2,1,,,3,0,322,354,19,17,,,24/41 (58%),18/38 (47%),8/16 (50%),7/20 (35%),35%,40%,53/145 (37%),53/145 (37%),4/15 (27%),11/15 (73%),18/20 (90%),18/25 (72%),5,3,38,44,24,10,,
12303722,63%,37%,3.61,1.17,18,6,1,2,3,1,13,19,479,264,4,3,7,6,2,3,0,1,18,6,0,0,9,0,4,3,14,3,4,3,0,0,24,4,4,0,422,223,11,13,45/60 (75%),28/35 (80%),14/28 (50%),22/35 (62%),8/13 (61%),0/4 (0%),45%,27%,40/103 (39%),28/98 (29%),16/21 (76%),3/16 (19%),13/20 (65%),6/12 (50%),4,3,10,16,5,10,2,2
12264667,63%,37%,1.16,0.68,10,14,3,2,7,5,2,17,510,312,7,7,7,0,0,2,0,0,10,14,1,0,4,5,3,6,5,7,5,7,6,0,,,4,1,419,233,26,24,,,34/72 (47%),24/54 (44%),7/22 (31%),2/8 (25%),37%,33%,66/178 (37%),38/158 (24%),24/50 (48%),19/41 (46%),32/44 (73%),20/27 (74%),7,7,44,57,15,28,,
12264663,52%,48%,0.24,2.02,5,17,4,2,4,1,15,13,396,341,6,2,4,6,2,3,1,1,5,17,0,1,3,7,0,3,0,4,5,13,0,3,6,14,1,4,306,264,22,23,37/63 (59%),45/66 (68%),40/74 (54%),29/59 (49%),6/20 (30%),3/15 (20%),39%,38%,43/119 (36%),43/131 (33%),20/39 (51%),25/45 (56%),10/15 (67%),16/26 (62%),6,2,14,14,8,24,3,1
12264664,36%,64%,1.41,1.75,8,14,3,2,1,10,15,7,272,444,6,0,3,8,4,3,0,1,8,14,0,2,3,5,2,3,4,8,4,6,0,0,,,1,2,190,357,32,31,,,14/45 (31%),36/54 (66%),1/11 (9%),14/26 (53%),35%,45%,28/119 (24%),54/108 (50%),34/58 (59%),22/52 (42%),6/12 (50%),24/30 (80%),6,0,60,37,39,13,,
12264661,41%,59%,0.55,1.78,8,12,3,3,3,3,12,13,349,484,5,7,3,3,4,3,1,0,8,12,0,0,4,5,0,3,3,6,5,6,1,1,7,25,1,0,280,407,9,22,32/47 (68%),60/74 (81%),33/51 (64%),32/48 (66%),1/7 (14%),10/28 (35%),36%,34%,40/121 (33%),42/125 (34%),15/28 (54%),11/28 (39%),10/15 (67%),15/27 (56%),5,7,25,20,28,8,3,2
12264665,46%,54%,1.52,0.91,18,11,2,9,5,3,12,8,424,466,4,4,1,2,2,1,0,0,18,11,0,0,4,4,6,3,10,5,8,6,5,3,,,1,1,356,395,23,20,,,33/51 (64%),26/51 (50%),6/24 (25%),5/9 (55%),35%,37%,36/103 (35%),43/111 (39%),13/26 (50%),9/27 (33%),14/17 (82%),13/19 (68%),4,4,43,49,8,14,,
12264662,44%,56%,0.69,1.10,8,12,5,3,3,4,16,12,437,509,4,5,1,0,1,1,0,0,8,12,0,0,2,4,2,2,2,4,6,8,0,1,11,18,1,2,376,434,12,14,53/66 (80%),46/64 (72%),34/52 (65%),26/46 (56%),9/21 (42%),0/14 (0%),28%,45%,29/121 (24%),57/119 (48%),13/27 (48%),10/29 (34%),8/11 (73%),19/24 (79%),4,5,17,14,5,14,3,1
12264666,74%,26%,1.00,0.11,17,3,1,2,7,1,9,9,678,210,3,11,4,2,2,2,0,0,17,3,0,0,10,0,5,2,8,2,9,1,3,1,15,6,0,1,595,146,23,21,69/99 (70%),19/39 (49%),31/63 (49%),29/55 (52%),7/21 (33%),3/6 (50%),48%,32%,38/81 (47%),21/93 (23%),24/48 (50%),25/49 (51%),20/23 (87%),9/14 (64%),3,11,18,22,21,33,2,5
12343038,53%,47%,1.30,0.18,16,3,0,5,5,2,7,12,435,433,1,6,2,0,0,4,0,0,16,3,0,0,4,2,4,1,9,2,7,1,5,2,31,15,1,4,370,360,21,15,28/42 (67%),34/52 (65%),23/43 (53%),14/42 (33%),4/14 (28%),5/18 (27%),43%,34%,58/139 (42%),46/132 (35%),11/18 (61%),5/16 (31%),24/35 (69%),10/21 (48%),1,6,32,14,10,17,,
12343298,44%,56%,1.79,2.31,9,13,2,2,2,3,9,10,349,465,3,8,0,1,4,2,0,0,9,13,1,1,0,5,4,3,5,8,4,5,2,0,9,15,3,2,281,414,18,13,38/53 (72%),22/40 (55%),26/47 (55%),14/27 (51%),3/13 (23%),7/14 (50%),41%,35%,37/97 (38%),35/102 (34%),9/14 (64%),6/15 (40%),23/31 (74%),19/26 (73%),3,8,6,9,6,14,4,3
12343308,53%,47%,2.82,0.67,15,8,3,4,7,2,10,15,329,366,1,6,7,3,1,1,0,0,15,8,1,0,7,4,2,2,10,3,5,5,0,1,15,8,1,10,247,283,26,23,42/60 (70%),18/43 (42%),23/43 (53%),31/55 (56%),4/14 (28%),3/7 (42%),39%,40%,32/94 (34%),41/106 (39%),24/48 (50%),23/53 (43%),14/22 (64%),12/16 (75%),1,6,51,37,12,20,1,1
12343321,58%,42%,3.32,0.04,16,2,0,7,8,1,10,13,505,372,7,8,5,1,3,3,0,0,16,2,0,0,5,1,1,0,11,0,5,2,1,2,26,1,3,2,430,309,25,21,45/74 (61%),24/40 (60%),28/48 (58%),32/52 (61%),7/17 (41%),2/7 (28%),44%,32%,56/138 (41%),45/139 (32%),24/42 (57%),14/40 (35%),20/30 (67%),11/23 (48%),7,8,15,13,9,14,,
12343312,48%,52%,1.79,3.64,10,23,5,4,2,6,5,7,388,467,7,1,3,0,4,1,0,0,10,23,0,1,4,8,2,4,5,19,5,4,0,1,14,32,6,1,324,410,15,12,35/57 (61%),40/54 (74%),22/44 (50%),18/36 (50%),4/18 (22%),9/16 (56%),35%,39%,24/74 (32%),25/73 (34%),11/29 (38%),17/32 (53%),11/16 (69%),8/10 (80%),7,1,36,38,6,19,1,3
12343322,41%,59%,0.78,2.23,15,12,6,3,5,4,13,16,293,378,4,5,3,1,2,4,0,0,15,12,0,0,7,4,4,0,10,8,5,4,1,4,19,17,3,1,217,307,18,19,18/46 (39%),27/45 (60%),16/51 (31%),22/39 (56%),0/8 (0%),2/10 (20%),39%,36%,28/82 (34%),31/85 (36%),11/17 (65%),6/16 (38%),9/11 (82%),12/19 (63%),4,5,17,19,12,13,2,2
12343319,54%,46%,1.74,1.63,24,15,3,7,10,3,7,13,473,379,13,9,6,2,1,2,0,0,24,15,0,0,7,6,9,4,10,11,14,4,0,4,23,19,3,3,386,295,23,14,71/87 (82%),28/46 (61%),20/36 (55%),29/62 (46%),4/31 (12%),2/6 (33%),41%,38%,63/150 (42%),44/120 (37%),4/10 (40%),6/9 (67%),14/15 (93%),21/33 (64%),13,9,10,13,4,18,1,5
12343311,61%,39%,1.87,0.17,11,4,2,4,7,1,12,11,499,277,2,4,5,3,2,1,0,0,11,4,0,0,3,1,2,1,7,2,4,2,5,0,11,6,3,1,426,233,28,18,55/77 (71%),17/30 (57%),26/39 (66%),20/37 (54%),7/19 (36%),1/4 (25%),43%,32%,52/130 (40%),38/124 (31%),17/29 (59%),12/29 (41%),13/18 (72%),10/14 (71%),2,4,13,22,10,14,,
12343309,54%,46%,1.45,1.37,18,8,2,8,10,2,9,11,457,435,5,1,5,1,1,5,0,0,18,8,0,0,9,4,4,1,10,5,8,3,0,1,27,12,1,2,393,362,16,20,50/65 (77%),24/36 (67%),17/33 (51%),16/30 (53%),11/23 (47%),5/15 (33%),38%,39%,44/121 (36%),49/128 (38%),11/21 (52%),10/21 (48%),19/21 (90%),14/18 (78%),5,1,14,15,4,18,2,5
12343315,57%,43%,1.61,0.33,13,6,1,3,8,2,19,14,483,327,0,1,3,5,2,2,0,0,13,6,1,0,6,4,3,1,11,2,2,4,0,0,18,4,2,1,403,261,23,16,49/76 (64%),31/47 (66%),28/51 (54%),26/56 (46%),6/23 (26%),1/5 (20%),48%,37%,44/87 (51%),28/88 (32%),14/32 (44%),19/39 (49%),22/25 (88%),6/10 (60%),0,1,14,19,4,18,1,1
12343299,55%,45%,3.42,0.41,15,8,2,2,7,6,15,9,447,303,7,6,2,2,3,2,0,0,15,8,1,0,7,3,2,2,12,4,3,4,3,0,25,12,2,0,396,252,20,24,25/35 (71%),24/38 (63%),24/39 (61%),25/47 (53%),4/9 (44%),6/12 (50%),33%,38%,41/129 (32%),46/121 (38%),10/23 (43%),9/21 (43%),8/17 (47%),18/32 (56%),7,6,11,12,21,23,2,1
12343310,35%,65%,1.65,0.81,9,8,2,4,0,3,12,11,283,611,4,3,1,2,1,2,0,0,9,8,0,1,2,2,2,1,4,5,5,3,5,6,10,20,2,4,218,534,17,31,24/44 (55%),65/93 (70%),29/55 (52%),35/59 (59%),0/3 (0%),9/21 (42%),37%,38%,46/130 (35%),44/117 (38%),13/29 (45%),13/30 (43%),13/20 (65%),12/21 (57%),4,3,20,18,17,7,,
12343305,54%,46%,1.16,2.20,7,18,4,3,7,4,10,12,364,339,7,2,1,5,5,2,1,0,7,18,0,0,2,4,1,7,6,7,1,11,3,0,18,18,3,2,282,248,24,23,14/34 (41%),32/62 (52%),29/54 (53%),23/50 (46%),4/14 (28%),4/17 (23%),34%,38%,37/124 (30%),43/118 (36%),15/28 (54%),13/27 (48%),11/16 (69%),9/11 (82%),7,2,28,10,14,10,,
12343318,50%,50%,1.05,3.16,7,17,6,4,3,5,7,7,445,342,5,5,1,2,0,2,0,0,7,17,1,2,2,5,0,3,6,12,1,5,3,8,19,22,2,4,351,260,33,24,33/52 (63%),31/56 (55%),24/46 (52%),25/54 (46%),5/19 (26%),4/14 (28%),36%,41%,38/112 (34%),40/105 (38%),10/20 (50%),13/22 (59%),17/28 (61%),22/32 (69%),5,5,18,27,17,27,3,2
12343304,63%,37%,0.48,2.51,12,11,2,4,8,3,11,11,498,259,2,4,4,1,1,2,0,0,12,11,0,0,6,6,2,1,6,7,6,4,4,2,24,13,6,2,395,193,25,19,77/112 (69%),17/48 (35%),24/54 (44%),20/45 (44%),5/24 (20%),1/3 (33%),44%,31%,45/98 (46%),31/127 (24%),11/29 (38%),20/35 (57%),26/33 (79%),8/14 (57%),2,4,10,10,5,32,,
12343303,41%,59%,1.02,1.49,4,12,2,1,4,6,22,6,235,314,5,4,1,8,3,2,0,0,4,12,0,0,0,7,1,1,2,7,2,5,3,0,6,13,3,2,169,233,21,34,23/38 (61%),31/54 (57%),21/45 (46%),31/54 (57%),0/4 (0%),11/24 (45%),30%,46%,38/135 (28%),52/119 (44%),25/68 (37%),36/59 (61%),15/27 (56%),23/29 (79%),5,4,54,19,25,7,1,1
12343317,65%,35%,1.75,0.36,14,6,1,5,2,2,8,14,575,253,1,6,3,1,2,5,0,2,14,6,0,0,6,3,2,2,6,2,8,4,2,3,21,12,1,4,502,192,19,20,42/58 (72%),21/39 (54%),20/43 (46%),18/43 (41%),4/17 (23%),0/6 (0%),38%,31%,36/100 (36%),24/103 (23%),14/26 (54%),10/26 (38%),16/20 (80%),6/12 (50%),1,6,34,41,11,12,1,5
12392580,57%,43%,1.28,0.45,16,7,1,3,4,1,14,16,464,364,2,1,5,0,0,1,0,0,16,7,0,0,9,3,3,1,10,4,6,3,3,1,20,13,2,2,389,299,26,15,40/55 (73%),26/37 (70%),25/50 (50%),25/46 (54%),3/15 (20%),4/6 (66%),49%,27%,59/123 (48%),33/124 (27%),6/9 (67%),4/10 (40%),22/28 (79%),10/21 (48%),2,1,10,12,8,16,1,1
12392582,64%,36%,2.17,0.49,15,5,0,4,9,4,5,18,529,314,3,0,5,1,0,2,0,0,15,5,1,0,3,4,6,1,9,3,6,2,4,0,23,10,3,1,456,246,19,20,66/84 (79%),28/47 (60%),20/34 (58%),14/33 (42%),8/23 (34%),5/9 (55%),49%,28%,47/100 (47%),25/99 (25%),18/31 (58%),13/33 (39%),21/30 (70%),7/13 (54%),3,0,19,19,15,17,1,1
12392579,50%,50%,1.83,1.48,11,17,7,3,7,12,6,10,420,407,2,1,1,2,1,0,0,0,11,17,0,2,3,5,2,1,6,7,5,10,1,0,10,34,3,3,354,336,7,8,23/37 (62%),47/62 (76%),21/49 (42%),21/35 (60%),4/12 (33%),8/30 (26%),40%,42%,37/94 (39%),40/105 (38%),11/25 (44%),15/23 (65%),20/28 (71%),19/23 (83%),2,1,13,9,18,12,1,3
12392576,55%,45%,1.44,1.78,14,15,5,4,10,5,9,15,456,360,4,4,3,4,1,1,0,0,14,15,0,1,4,6,6,4,6,11,8,4,0,0,18,24,2,4,380,285,15,12,45/58 (78%),36/62 (58%),29/56 (51%),28/54 (51%),4/16 (25%),4/16 (25%),42%,34%,52/123 (42%),43/150 (29%),17/39 (44%),22/40 (55%),20/30 (67%),25/34 (74%),4,4,12,19,4,14,2,2
12392583,58%,42%,1.29,0.81,15,10,1,2,2,4,10,11,507,327,3,6,3,2,3,2,0,0,15,10,1,0,10,6,2,3,8,5,7,5,3,0,26,13,1,3,448,256,17,14,75/87 (86%),27/44 (61%),35/44 (79%),10/31 (32%),12/22 (54%),5/10 (50%),37%,40%,36/105 (34%),45/105 (43%),12/23 (52%),8/25 (32%),8/17 (47%),14/17 (82%),3,6,17,11,11,13,1,1
12392578,38%,62%,0.18,3.61,7,21,3,2,2,8,18,5,343,586,4,4,0,1,4,0,0,0,7,21,0,0,4,10,1,5,5,13,2,8,1,5,6,28,2,0,285,533,11,21,20/36 (56%),41/56 (73%),14/43 (32%),22/37 (59%),0/3 (0%),9/18 (50%),32%,43%,31/94 (33%),42/101 (42%),4/13 (31%),7/11 (64%),8/11 (73%),16/22 (73%),4,4,18,8,15,6,,
12392581,47%,53%,2.71,2.20,22,7,2,10,12,2,13,6,372,400,1,1,2,5,3,2,0,0,22,7,1,0,5,2,3,0,13,3,9,4,5,0,25,5,4,7,298,327,25,21,39/57 (68%),21/37 (57%),27/48 (56%),30/60 (50%),7/17 (41%),2/4 (50%),35%,40%,43/104 (41%),37/124 (30%),8/39 (21%),31/44 (70%),32/42 (76%),16/24 (67%),1,1,15,19,9,26,2,3
12392577,54%,46%,2.54,0.45,20,16,6,5,5,5,15,14,455,402,8,10,3,4,0,1,0,0,20,16,1,0,4,4,10,6,14,5,6,11,3,2,31,12,2,2,385,332,26,21,38/48 (79%),33/44 (75%),37/49 (75%),26/38 (68%),8/20 (40%),7/21 (33%),42%,36%,44/123 (36%),51/141 (36%),28/47 (60%),17/45 (38%),27/35 (77%),22/32 (69%),8,10,14,26,17,33,,
