player_id,shortName,currentTeamId,position,jerseyNumber,height,preferredFoot,gender,country,dateOfBirth,contractUntil,proposedMarketValue
1007546,Y. Bouzok,41757,M,26,175,Right,M,Algeria,1996-08-18 01:00:00,2025-06-30 01:00:00,2100000
1401589,A. Zouhzouh,24394,M,10,172,Right,M,Morocco,2000-08-11 01:00:00,,1500000
1140869,M. Saber,170588,G,,184,Right,M,Morocco,1997-01-29 01:00:00,,53000
797021,A. Ennafati,41757,M,77,180,Right,M,Morocco,1994-06-29 01:00:00,,1100000
1401592,A. E. Khayati,24394,G,1,198,Right,M,Morocco,1998-01-31 01:00:00,,180000
1140885,M. Harrar,41757,G,22,186,Right,M,Morocco,2000-11-30 01:00:00,2027-06-30 01:00:00,145000
919489,M. R. Hrimat,24394,M,34,186,Right,M,Morocco,1994-08-07 01:00:00,2027-06-30 01:00:00,1700000
970755,M. Maftah,80395,G,22,190,Right,M,Morocco,1993-08-10 01:00:00,2027-06-30 01:00:00,380000
879567,B. Benachour,87180,G,72,178,,M,Morocco,1994-09-08 01:00:00,,145000
1459304,S. Amar,36268,M,29,172,Right,M,Mauritania,1998-12-31 01:00:00,2026-06-30 01:00:00,290000
978955,Y. E. Fahli,24394,M,7,182,Right,M,Morocco,1997-04-27 01:00:00,,720000
1015212,L. Dahdouh,297607,F,87,178,Right,M,Morocco,2000-02-25 01:00:00,,145000
1874639,A. Ziani,80395,F,88,167,Right,,Morocco,2003-05-16 01:00:00,,
1140859,H. Igamane,2351,F,29,181,Right,M,Morocco,2002-11-02 01:00:00,2029-06-30 01:00:00,1700000
1461412,H. Bahaj,55025,D,17,180,Right,M,Morocco,1997-05-23 01:00:00,,470000
1014435,Z. Marour,305260,D,4,182,Left,M,Morocco,1995-03-19 00:00:00,,675000
1008621,I. Khafi,23480,F,99,183,Both,M,Morocco,1995-09-19 01:00:00,,545000
1525290,A. Cherkaoui,118816,G,,184,Right,M,Morocco,1996-11-17 01:00:00,,93000
919329,A. Harmach,241802,M,8,176,Right,M,Morocco,1993-01-16 01:00:00,,640000
970586,A. Hilali,55027,G,90,182,Right,M,Morocco,1990-01-04 01:00:00,2026-06-30 01:00:00,190000
1476706,K. Ourkane,24394,M,8,179,Right,M,Morocco,2000-04-22 01:00:00,2027-06-30 01:00:00,515000
919677,Y. A. Allah,6910,D,18,176,Left,M,Morocco,1995-03-02 01:00:00,2025-06-30 01:00:00,2100000
970819,H. Boulacsout,41757,D,27,179,Both,M,Morocco,1998-09-23 01:00:00,2026-06-30 01:00:00,845000
1212072,R. Ghanimi,55027,G,1,189,,M,Morocco,2002-02-25 01:00:00,,23000
796155,S. Bougrine,41757,M,34,173,Right,M,Morocco,1996-07-10 01:00:00,2025-06-30 01:00:00,820000
1004427,O. Jerrari,55043,M,13,177,Left,M,Morocco,1994-11-14 01:00:00,,585000
1474715,M. Bourika,2452,F,99,190,Right,M,Morocco,2000-01-14 01:00:00,2027-06-30 01:00:00,580000
307470,A. Zniti,41757,G,1,182,Right,M,Morocco,1988-10-28 01:00:00,2025-06-30 01:00:00,955000
919753,M. Fakhr,263373,G,1,175,Right,M,Morocco,1989-02-11 01:00:00,2025-06-30 01:00:00,220000
855858,H. Boussefiane,24394,M,23,176,Right,M,Morocco,1998-01-09 01:00:00,,280000
782542,H. E. Moussaoui,80395,D,19,181,Left,M,Morocco,1993-04-07 00:00:00,2026-06-30 01:00:00,930000
919712,Y. Jabrane,32525,M,37,187,Right,M,Morocco,1991-06-18 01:00:00,2025-06-30 01:00:00,1300000
1619134,D. El-Jabli,55035,D,32,187,Right,M,Morocco,1998-03-27 00:00:00,,180000
919486,N. Zerhouni,41757,F,11,173,Left,M,Morocco,1995-09-14 01:00:00,2025-06-30 01:00:00,655000
919583,A. Nanah,188763,F,8,182,Right,M,Morocco,1992-11-12 01:00:00,2025-07-30 01:00:00,720000
972816,M. W. Bencherifa,87180,D,31,180,Left,M,Algeria,1988-11-06 01:00:00,2025-06-30 01:00:00,165000
1463237,B. Abyir,55039,G,61,,,M,Morocco,1998-08-27 01:00:00,,24000
1009912,K. K. Alaoui,55037,G,1,192,,M,Morocco,1996-06-28 01:00:00,2026-06-30 01:00:00,620000
1170317,I. Riahi,80395,M,18,178,Right,M,Morocco,2000-07-27 01:00:00,2027-06-30 01:00:00,440000
1140872,M. Moufid,36268,D,2,172,Right,M,Morocco,2000-01-12 01:00:00,,825000
919761,L. Naji,24394,M,13,183,Right,M,Morocco,1990-12-14 01:00:00,,605000
919633,A. Moudden,55027,D,3,185,Right,M,Morocco,1997-12-22 01:00:00,,365000
973404,E. H. Kane,69322,M,80,187,Right,M,Senegal,1996-12-19 01:00:00,2027-06-30 01:00:00,405000
919532,Y. Labhiri,80395,M,17,178,Right,M,Morocco,1994-07-13 01:00:00,2025-06-30 01:00:00,765000
919484,Y. Belammari,41757,D,17,183,Left,M,Morocco,1998-09-20 01:00:00,2026-06-30 01:00:00,1300000
971021,I. Mokadem,241802,D,,176,Right,M,Morocco,1995-07-26 01:00:00,,960000
1140828,A. Dairani,36268,D,13,191,Both,M,Morocco,1996-01-01 01:00:00,2027-06-30 01:00:00,465000
1404071,Z. Laafsa,170588,G,61,185,Right,M,Morocco,1999-04-11 00:00:00,2025-06-30 01:00:00,410000
190411,R. Jaadi,241802,M,,183,Left,M,Morocco,1995-02-14 01:00:00,,545000
970572,A. E. Amloud,34314,D,20,177,Right,M,Morocco,1994-04-08 00:00:00,2025-06-30 01:00:00,1200000
1140862,H. Doughmi,297607,G,64,188,Right,M,Morocco,2000-05-10 01:00:00,,78000
1140958,M. Amri,55027,D,33,180,Left,M,Morocco,1993-12-22 01:00:00,,410000
1140945,H. E. Janati,55035,M,21,183,Right,M,Morocco,1999-01-01 01:00:00,,465000
919671,M. E. Morabit,80395,M,10,179,Right,M,Morocco,1998-09-11 01:00:00,2026-06-30 01:00:00,535000
882322,B. Gaddarine,241802,D,,178,Left,M,Morocco,1997-10-20 01:00:00,,530000
1186787,Y. Najari,41757,M,40,186,Left,M,Morocco,1996-02-06 01:00:00,2026-06-30 01:00:00,515000
1095732,O. Zemraoui,36268,M,23,172,Left,M,Morocco,2002-03-01 01:00:00,,530000
970606,A. Boucheta,36268,D,24,173,Left,M,Morocco,1993-12-03 01:00:00,2026-06-30 01:00:00,535000
1799533,M. A. Ouakaf,55035,M,31,,,,Morocco,,,
359280,A. R. Tagnaouti,241802,G,,192,Right,M,Morocco,1996-04-05 00:00:00,,650000
1525311,M. Habbali,263373,M,17,166,,M,Morocco,1992-04-24 01:00:00,,290000
980301,G. Merbah,42202,G,1,190,Both,M,Algeria,1994-07-22 01:00:00,2029-06-30 01:00:00,580000
1401591,A. Hadidi,297607,D,17,178,Both,M,Morocco,1994-11-15 01:00:00,,310000
1182584,Y. Mehri,80395,M,21,177,Right,M,Morocco,1999-09-07 01:00:00,2027-06-30 01:00:00,825000
970617,M. E. Khaloui,297607,M,7,180,Right,M,Morocco,1997-05-01 01:00:00,,375000
919533,A. Hammoudan,24394,M,11,176,Right,M,Morocco,1991-07-12 01:00:00,,590000
1008280,H. Ferdaoussi,41757,M,8,177,Right,M,Morocco,1999-06-23 01:00:00,,605000
919690,Z. Nassik,36268,D,3,177,Left,M,Morocco,1997-01-01 01:00:00,2027-06-30 01:00:00,340000
359284,O. Arjoune,55043,M,3,174,Right,M,Morocco,1996-02-16 01:00:00,,635000
359290,Z. E. Moutaraji,241703,F,,178,Right,M,Morocco,1996-04-01 00:00:00,2027-06-30 01:00:00,420000
1874626,A. Meftah,241802,M,,,,,Morocco,,,
1140810,A. Lalioune,55039,D,24,,,M,Morocco,2000-07-20 01:00:00,,
1008634,M. Ferni,263373,G,22,186,Right,M,Morocco,1999-12-01 01:00:00,,315000
880101,H. El Wasti,87180,M,18,186,Right,M,Morocco,1995-01-01 01:00:00,2025-06-30 01:00:00,420000
1545319,M. Ndiaye,118830,D,,187,Right,M,Senegal,1994-11-23 01:00:00,,
884819,M. Benhalib,24394,F,14,178,Right,M,Morocco,1996-03-23 00:00:00,2026-06-30 01:00:00,340000
1014377,E. Boukhriss,24394,D,33,177,Right,M,Morocco,1999-09-03 01:00:00,,515000
919551,Y. E. Filali,55049,G,13,189,Left,M,Morocco,1989-11-13 01:00:00,2025-06-30 01:00:00,320000
1103725,A. Oguns,6230,F,,179,Right,M,Nigeria,2001-04-14 01:00:00,2025-12-31 01:00:00,535000
1140959,K. E. Bounagate,241802,D,,185,Left,M,Morocco,2000-10-12 01:00:00,,185000
970766,A. Khafifi,41757,D,5,183,Right,M,Morocco,1993-02-19 01:00:00,2025-06-30 01:00:00,665000
973040,E. Konate,396430,D,,179,Right,M,Senegal,1994-05-06 01:00:00,,485000
919701,A. Baadi,41757,D,2,173,Left,M,Morocco,1996-04-14 00:00:00,2026-06-30 01:00:00,475000
919477,A. Bach,24394,M,3,176,Right,M,Morocco,1998-02-10 01:00:00,,775000
970611,A. Khadou,263373,D,5,192,Right,M,Morocco,1990-02-06 01:00:00,,140000
1402221,A. E. Forsy,263373,M,10,170,Right,M,Morocco,1998-06-23 01:00:00,,285000
1525865,Moutawi,263373,M,13,,Right,M,Morocco,2000-10-12 01:00:00,,115000
975834,I. Chetti,42206,D,,176,Left,M,Algeria,1995-01-22 01:00:00,2027-06-30 01:00:00,295000
1151070,T. E. Khalej,118834,D,4,191,Left,M,Morocco,1997-11-04 01:00:00,,410000
1140820,S. Chihab,55035,G,16,198,Right,M,Morocco,1993-02-23 01:00:00,2026-06-30 01:00:00,630000
1009188,A. Aboulfath,32525,D,22,183,Right,M,Morocco,1997-10-29 01:00:00,,450000
919623,A. Diarra,55037,M,88,,Both,M,Mali,1994-12-28 01:00:00,2026-06-30 01:00:00,440000
861023,H. E. Allouch,297607,G,1,182,Right,M,Morocco,1985-10-20 01:00:00,,24000
1004526,S. Bouhra,36268,M,30,178,Right,M,Morocco,2000-03-05 01:00:00,,500000
1140933,C. Faidi,36268,M,7,175,Right,M,Morocco,1999-09-10 01:00:00,2026-06-30 01:00:00,310000
919788,S. Yechou,55037,D,29,184,Left,M,Morocco,1992-10-27 01:00:00,2025-06-30 01:00:00,160000
867085,I. El Haddad,241802,M,,181,Left,M,Morocco,1990-08-03 01:00:00,,290000
1140944,H. E. Ichaoui,55035,G,1,190,Right,M,Morocco,1999-09-04 01:00:00,,
1140890,A. Lamirat,55037,M,15,181,Right,M,Morocco,1997-08-26 01:00:00,,505000
191192,M. Chemlal,118834,M,10,170,Right,M,France,1995-02-08 01:00:00,,420000
919711,A. Hamidouch,118816,D,,186,Both,M,Morocco,1991-03-03 01:00:00,,160000
1140920,B. E. Ouadghiri,241802,D,,186,,M,Morocco,2001-08-03 01:00:00,,515000
1140803,A. Assal,80395,D,15,190,Right,M,Morocco,1998-06-08 01:00:00,2026-06-30 01:00:00,590000
1004425,A. Tarkhatt,35888,D,,182,Both,M,Morocco,1995-09-05 01:00:00,,450000
970761,J. Harkass,36268,D,16,185,Right,M,Morocco,1995-11-24 01:00:00,2025-06-30 01:00:00,1300000
919469,A. Majid,55027,G,13,182,,M,Morocco,1995-01-04 01:00:00,2025-06-30 01:00:00,670000
970600,A. A. Ourehbi,118830,M,15,,,M,Morocco,1994-05-24 01:00:00,,360000
359288,M. Saoud,87180,D,4,185,Right,M,Morocco,1996-01-30 01:00:00,2027-06-30 01:00:00,430000
919251,F. B. Choug,35188,M,32,189,Left,M,Tunisia,1995-03-12 01:00:00,2026-06-30 01:00:00,515000
1000473,A. Tahif,80395,D,13,181,Right,M,Morocco,2001-02-24 01:00:00,2025-06-30 01:00:00,805000
894737,B. Morrison,241802,F,,178,Right,M,Ghana,1993-01-25 01:00:00,,120000
1112763,A. Farhane,305246,D,,189,Right,M,Morocco,1998-03-23 00:00:00,,420000
364758,I. Dayo,80395,D,4,187,Right,M,Burkina Faso,1991-08-06 01:00:00,,825000
868978,S. E. Moudane,55039,M,42,177,Right,M,France,1994-03-16 00:00:00,,620000
919485,L. Diakité,55027,M,11,184,Left,M,Côte d’Ivoire,1991-06-15 01:00:00,,480000
919695,Y. Rami,55039,D,4,186,Right,M,Morocco,1987-03-26 00:00:00,,180000
1155596,M.L. Camara,80395,M,6,193,Right,M,Senegal,2003-01-05 01:00:00,2026-06-30 01:00:00,825000
1605928,M. Dahak,118834,M,22,165,Right,,Morocco,2005-07-22 01:00:00,,77000
1107604,A. E. Ouaad,241802,G,,188,Right,M,Morocco,1995-12-08 01:00:00,,335000
1004428,A. Marzak,263373,D,55,180,Right,,Morocco,1995-03-06 01:00:00,,360000
1407530,Z. Fatihi,327830,M,16,,,M,Morocco,1998-08-14 01:00:00,2025-06-30 01:00:00,95000
1525328,Y. Kajai,118834,D,13,187,Right,M,Morocco,1998-07-01 01:00:00,,270000
919579,B. E. Megri,55049,M,11,180,,M,Morocco,1989-06-18 01:00:00,2025-06-30 01:00:00,72000
845612,Z. Draoui,42204,M,,174,Both,M,Algeria,1994-02-20 01:00:00,2027-06-30 01:00:00,860000
919774,A. Lakhal,55049,M,90,175,Left,M,Morocco,1996-07-07 01:00:00,,190000
1008217,R. Aholou,59628,M,18,182,Right,M,Togo,1995-12-30 01:00:00,2026-06-30 01:00:00,1100000
970630,E. M. Benabid,24394,G,16,187,Right,M,Morocco,1998-01-24 01:00:00,,1700000
970834,H. E. Mahssani,55027,D,18,165,Right,M,Morocco,1999-11-13 01:00:00,2026-06-30 01:00:00,670000
919699,S. Morsli,55037,M,27,170,Left,M,Morocco,1998-03-16 00:00:00,2026-06-30 01:00:00,330000
872048,A. Zola,32525,D,35,182,Left,M,DR Congo,1996-02-23 01:00:00,,525000
1004249,M. E. Jourbaoui,55049,G,1,190,Left,M,Morocco,1993-01-06 01:00:00,,465000
1592863,A. Beye,55039,D,25,180,Left,M,Senegal,2000-01-08 01:00:00,,240000
370032,H. Khaloua,241802,F,,177,Right,M,Morocco,1995-05-07 01:00:00,,220000
1140816,A. Ennakouss,327830,F,34,190,Left,M,Morocco,2001-05-20 01:00:00,2025-06-30 01:00:00,170000
919762,Y. Jarici,263373,D,16,172,Left,M,Morocco,1989-04-25 01:00:00,,185000
1013427,M. Elhtemy,40654,M,,180,Left,M,Morocco,2001-04-01 00:00:00,,620000
1008347,J. Ech-Chammakh,55039,D,23,,Left,M,Morocco,2000-03-22 00:00:00,,430000
1099571,I. Ouro-Agoro,241802,F,,182,Left,M,Togo,1996-02-20 01:00:00,,135000
919527,A. Chentouf,87180,M,16,,Right,M,Morocco,1996-12-05 01:00:00,,230000
1022302,A. Mahir,55027,M,8,176,Right,M,Morocco,1997-04-10 00:00:00,,520000
320031,A. Jbira,241802,D,,175,Left,,Morocco,1990-04-14 01:00:00,,205000
919688,A. E. Houasli,118834,G,12,185,Right,M,Morocco,1984-12-20 01:00:00,,110000
1533733,P. Badji,43560,F,20,183,Right,M,Senegal,1999-06-07 01:00:00,2026-06-30 01:00:00,420000
1140833,O. Lamlioui,80395,F,9,180,Both,M,Morocco,1996-01-02 01:00:00,,520000
1459151,M. Karmoun,55049,M,44,178,Both,M,Morocco,2002-05-12 01:00:00,,93000
919697,A. Qasmi,56031,D,16,178,Left,M,Morocco,1993-09-19 01:00:00,2025-06-30 01:00:00,580000
1475210,A. Eddaou,118834,M,7,172,Left,M,Morocco,1999-04-01 00:00:00,,160000
1401524,M. Elaz,55027,F,20,172,,M,Morocco,1996-06-17 01:00:00,,215000
1008606,Z. Habti,241802,M,,175,Left,M,Morocco,1998-02-06 01:00:00,,310000
1526660,A. Kasbaoui,170588,M,20,,,M,,,,
1461780,M. Ashabi,55037,D,21,185,Right,M,Morocco,1997-08-21 01:00:00,2026-06-30 01:00:00,160000
1525856,S. Zamrat,118834,M,17,180,Left,M,Morocco,2002-05-15 01:00:00,2026-06-30 01:00:00,160000
1095726,E. M. Maouhoub,2315,F,14,186,Right,M,Morocco,2003-06-05 01:00:00,2029-06-30 01:00:00,650000
1008598,M. Zrida,41757,M,19,177,Right,M,Morocco,1999-02-01 01:00:00,2025-06-30 01:00:00,1100000
919768,Z. E. Hachemi,55027,D,23,177,Right,M,Morocco,1998-02-14 01:00:00,2026-06-30 01:00:00,360000
1009758,Y. Limouri,297607,D,4,,,M,Morocco,1999-02-20 01:00:00,,475000
1502274,S. Mestari,55035,D,6,186,Both,M,Morocco,2002-02-13 01:00:00,,
1140846,O. A. Aiz,87180,D,13,,,M,Morocco,1999-11-30 01:00:00,,97000
1140800,Y. Kordani,55037,D,99,183,Right,M,Morocco,1991-01-31 01:00:00,2026-06-30 01:00:00,220000
919476,E. M. E. Bassil,55027,D,22,184,Right,M,Morocco,1987-12-14 01:00:00,,79000
884821,Y. Anouar,55035,F,11,165,Right,M,Morocco,1990-07-04 01:00:00,,400000
281093,S. Ahannach,118834,M,14,173,Right,M,Netherlands,1995-09-09 01:00:00,2025-06-30 01:00:00,390000
919942,A. E. Msane,55027,M,30,,Left,M,Morocco,1994-07-30 01:00:00,,630000
1004540,F. A. Mutalib,87180,M,8,,,M,Morocco,1993-07-19 01:00:00,2025-06-30 01:00:00,225000
804373,Z. Hadraf,263373,M,11,173,Right,M,Morocco,1990-03-12 00:00:00,,340000
1526551,Bouabid,47696,M,,,Right,M,Morocco,1997-11-09 01:00:00,,165000
1009910,J. Assouab,297607,D,15,189,Right,M,Morocco,1995-01-20 01:00:00,,160000
78536,I. Haddad,118834,D,20,187,Right,M,Netherlands,1989-03-01 01:00:00,,275000
1401535,A. Azri,263373,F,11,185,Left,M,Morocco,1995-06-03 01:00:00,2026-06-30 01:00:00,310000
1461399,H. Essaouabi,24394,D,15,186,,M,Morocco,2000-12-13 01:00:00,,860000
1008871,S. E. Amrani,55037,D,30,181,,M,Morocco,1997-01-01 01:00:00,,465000
1140796,Y. E. Motie,36268,G,32,193,Right,M,Morocco,1994-12-16 01:00:00,2026-06-30 01:00:00,1100000
1402175,M. Afalah,40650,M,66,170,Right,M,Morocco,1993-06-13 01:00:00,2025-06-30 01:00:00,330000
1103080,T. Bentayeb,6925,F,22,179,Right,M,Morocco,2002-01-14 01:00:00,2025-06-30 01:00:00,455000
1121419,B. J. Sambou,275525,F,40,183,Right,M,Senegal,1998-12-01 01:00:00,2025-06-30 01:00:00,500000
1004525,M. Rouhi,47696,M,,176,Right,M,Morocco,1996-01-01 01:00:00,,160000
1525327,Y. Esdiri,241802,D,,187,,M,Morocco,1993-04-05 00:00:00,,79000
1533731,M. Y. Abouzra,55043,D,22,185,Right,M,Morocco,1996-10-07 01:00:00,,420000
1011367,A. Mourid,118834,M,5,179,Right,M,Morocco,2000-05-07 01:00:00,2026-06-30 01:00:00,465000
1010890,H. Ahaddad,55035,F,,182,Right,M,Morocco,1995-07-02 01:00:00,,595000
1140849,C. E. Bahri,47479,F,77,195,,M,Morocco,1993-03-28 00:00:00,2025-06-30 01:00:00,365000
1168799,B. Arrassi,41757,D,28,176,Right,M,Morocco,2000-01-06 01:00:00,2027-06-30 01:00:00,230000
970604,H. Aina,55035,M,19,,Right,M,Morocco,1987-07-30 01:00:00,,
933040,B. Haba,7655,M,29,175,,M,Guinea,1996-09-30 01:00:00,,365000
1140863,M. Abba,204299,F,24,178,Left,M,Morocco,2000-08-15 01:00:00,,52000
1866202,A. B. Irkane,118834,D,41,,,M,Morocco,2004-01-01 01:00:00,,
1592878,K. Al-Achkar,41757,M,,,Right,M,Morocco,2004-07-21 01:00:00,,
1006860,K. A. Tchoutchoui,241802,D,,183,Right,M,Togo,1994-05-28 01:00:00,,
1021159,M. Souboul,58687,D,22,175,Left,M,Morocco,2001-11-17 01:00:00,,290000
1140856,H. Buihamghet,170588,D,8,,,M,Morocco,1997-06-10 01:00:00,,110000
1401580,A. Nouader,320005,D,6,182,,M,Morocco,1998-02-07 01:00:00,,255000
970599,H. Moujahid,55037,M,13,177,,M,Morocco,1995-02-01 01:00:00,2025-06-30 01:00:00,315000
577276,M. Karnass,55025,M,20,181,Both,M,Morocco,1990-03-12 00:00:00,2025-06-30 01:00:00,275000
919670,M. M. Naji,404515,D,,170,,M,Morocco,1990-08-24 01:00:00,,270000
939864,I. Benktib,36268,M,27,180,Right,M,Morocco,1998-07-04 01:00:00,2026-06-30 01:00:00,600000
793400,S. Diedhiou,47482,F,19,181,Right,M,Senegal,1991-07-10 01:00:00,2025-06-30 01:00:00,245000
373896,Z. Krouch,55049,M,10,169,Right,M,Morocco,1991-01-27 01:00:00,,165000
1525301,F. Karmoune,55037,D,8,186,Both,M,Morocco,1997-02-27 01:00:00,2025-06-30 01:00:00,80000
1402176,A. Moulhami,55035,D,55,181,Right,M,Morocco,2001-01-17 01:00:00,,410000
1401604,R. Lamkadem,118834,M,21,175,Both,M,Morocco,1997-10-06 01:00:00,,380000
1457871,M. Camara,263373,D,77,190,Left,M,Mali,2002-01-24 01:00:00,2025-06-30 01:00:00,145000
1014728,E. M. Moubarik,36268,M,19,176,Right,M,Morocco,2001-01-22 01:00:00,2025-06-30 01:00:00,825000
933770,H. Hannouri,55027,F,19,188,,M,Morocco,1998-01-22 01:00:00,2025-06-30 01:00:00,485000
1416300,A. Addaoui,118830,D,19,,,M,Morocco,1997-01-01 01:00:00,,410000
1606013,Y. Zabiri,49531,F,21,177,Right,,Morocco,2005-02-23 01:00:00,2028-06-30 01:00:00,330000
919475,H. Semmoumy,404524,D,19,174,Right,M,Morocco,1992-11-02 01:00:00,,230000
1461782,Z. Ami,55039,M,8,176,Right,M,Morocco,2002-07-26 01:00:00,,
1140903,A. Amri,327828,G,,182,,M,Morocco,1997-05-01 01:00:00,,24000
1404139,Y. Lamine,55027,M,7,179,,M,Morocco,1999-08-02 01:00:00,,285000
1015235,O. Soukhane,55027,M,47,179,Left,M,Morocco,1999-01-11 01:00:00,,485000
919542,Y. E. Ghazouani,55049,D,95,184,Right,M,Morocco,1996-10-04 01:00:00,,525000
1401967,Z. B. Khajjou,55049,M,21,175,Right,M,Morocco,2003-01-01 01:00:00,,52000
1013918,M. Rahim,55049,D,96,180,Right,M,Morocco,1995-02-01 01:00:00,2025-06-30 01:00:00,230000
1545322,K. Kati,55039,F,18,180,Right,M,DR Congo,1999-10-19 01:00:00,2025-06-30 01:00:00,310000
1525329,Y. Lakhal,263373,F,21,176,Left,M,Morocco,2000-11-01 01:00:00,,27000
1021138,M. A. Essahel,118834,M,8,,Right,M,Morocco,2003-02-17 01:00:00,,49000
919474,S. A. Khorsa,55035,D,4,186,Left,M,Morocco,1994-01-03 01:00:00,,235000
919946,A. Hasty,297607,M,10,,Right,M,Morocco,1991-09-25 01:00:00,,210000
919658,Z. E. Wardi,23401,M,10,185,Right,M,Morocco,1998-08-17 01:00:00,,420000
845610,H. Ferhani,41756,D,64,168,Left,M,Algeria,1993-02-11 01:00:00,,315000
1140891,A. Qassaq,55037,M,10,175,Right,M,Morocco,1998-12-16 01:00:00,2027-06-30 01:00:00,370000
1008872,A. Hadraf,24394,M,40,177,Right,M,Morocco,1998-03-22 00:00:00,2027-06-30 01:00:00,390000
1126852,Y. Khalifi,305164,M,,,Right,M,Morocco,2005-08-09 01:00:00,,
1004515,H. Hamiani,24394,G,24,187,Right,M,Morocco,1994-02-19 01:00:00,,690000
1140813,A. Akhrif,241802,F,,182,Right,M,Morocco,2000-02-01 01:00:00,,91000
805189,H. Elhouni,189124,M,,172,Right,M,Libya,1994-02-12 01:00:00,2026-06-30 01:00:00,930000
919729,B. Aouk,241802,M,,166,Right,M,Morocco,1995-03-29 00:00:00,,270000
1013197,J. Tachtach,55039,M,5,174,Right,M,Morocco,1994-07-03 01:00:00,,460000
973271,T. Kisinda,241802,M,,,Right,M,DR Congo,1999-12-20 01:00:00,,165000
1004523,H. A. Allal,263373,D,2,184,Right,M,Morocco,2001-01-01 01:00:00,,345000
1525294,A. E. Ghannouj,263373,M,,171,,M,Morocco,1997-01-06 01:00:00,2026-06-30 01:00:00,420000
1525284,A. E. Hamzaoui,404515,F,,183,Left,M,Morocco,1992-03-23 00:00:00,,185000
1140806,W. Rhailouf,55037,M,40,186,,M,Morocco,1998-11-13 01:00:00,2026-06-30 01:00:00,470000
1525299,B. E. I. Bouzidi,55025,M,24,181,Right,M,Morocco,2000-06-18 01:00:00,2027-06-30 01:00:00,410000
1008878,S. Barrouhou,55025,G,1,191,Both,M,Morocco,1994-01-18 01:00:00,,465000
1564087,A. Jeddaoui,263373,M,20,,Left,M,Morocco,1997-01-01 01:00:00,,135000
990661,T. Orebonye,24394,M,18,180,Right,M,Botswana,1996-03-26 00:00:00,,500000
1545330,A. Malki,375013,D,16,,,M,Morocco,1995-06-19 01:00:00,,
1141125,H. Rahimi,41757,F,9,187,Right,M,Morocco,2002-02-04 01:00:00,,145000
990556,E. Imanishimwe,3407,D,24,180,Left,M,Rwanda,1995-02-02 01:00:00,2026-05-31 01:00:00,695000
1596891,G. Claude,47696,M,23,170,Right,M,Côte d’Ivoire,2002-12-18 01:00:00,,
919552,C. E. Maftoul,241802,F,,172,Right,M,Morocco,1994-10-10 01:00:00,,220000
1402635,S. E. Bouchqali,263373,M,8,182,Right,M,Morocco,2003-02-02 01:00:00,2025-06-30 01:00:00,205000
1140894,Z. Bahrou,263373,F,7,183,Right,M,Morocco,1997-01-02 01:00:00,,435000
919947,I. Chouikh,297607,M,10,169,Right,,Morocco,1995-02-01 01:00:00,,110000
1474907,Y. Filali,170588,M,,174,Right,M,Morocco,1994-11-09 01:00:00,,245000
919771,H. Kalai,55039,M,2,175,Right,M,Morocco,1994-01-01 01:00:00,,335000
1140927,S. A. Sellami,47696,M,11,,Right,M,Morocco,1996-11-20 01:00:00,,230000
1007579,R. Benayad,59628,F,9,182,Right,M,Algeria,1996-11-02 01:00:00,2025-06-30 01:00:00,465000
1140818,A. Badaoui,241802,D,,,Right,,Morocco,1999-08-24 01:00:00,,415000
1177186,A. Soufeir,55037,D,20,179,Right,M,Morocco,2001-04-21 01:00:00,,
788969,M. Moutouali,241802,M,,174,Right,,Morocco,1986-03-03 01:00:00,,185000
1013832,M. Z. Ikoung,241802,M,,185,Right,M,Cameroon,1999-02-18 01:00:00,,48000
1020959,A. Souane,55027,M,14,182,Right,M,Morocco,2001-09-17 01:00:00,,620000
1182631,F. Bendahmane,55039,F,33,174,Both,M,Morocco,2001-09-28 01:00:00,,160000
1010889,M. Tamaiazou,375028,M,,176,Right,M,Morocco,1997-07-10 01:00:00,,140000
919936,M. Erbibi,297607,D,2,,Right,M,Morocco,1986-02-02 01:00:00,,70000
915760,S. Lagzir,76755,M,10,180,Left,M,Morocco,1994-10-25 01:00:00,2025-06-30 01:00:00,170000
1004260,Z. Kiani,87180,D,22,170,Right,M,Morocco,1997-01-22 01:00:00,2026-06-30 01:00:00,410000
1461307,Y. Amhih,55049,D,17,,Right,M,Morocco,2003-02-18 01:00:00,,260000
1461329,Y. B. Khaleq,55027,D,4,191,Right,M,Morocco,2001-09-14 01:00:00,2026-06-30 01:00:00,
1564226,I. Simpara,55049,D,27,187,Right,M,Mali,1998-06-13 01:00:00,,53000
782500,A. Lamrabat,87180,D,23,173,Left,M,Morocco,1993-07-13 01:00:00,2025-06-30 01:00:00,290000
1004247,J. Rhabra,87180,F,19,184,Both,M,Morocco,1994-11-09 01:00:00,,205000
1004511,Y. Arbidi,55043,F,27,171,Left,M,Morocco,1995-11-21 01:00:00,,315000
1525292,A. Sanchez,87180,F,28,,Right,M,Spain,,,93000
919954,Y. Zghoudi,80395,F,11,182,Both,M,Morocco,1992-12-01 01:00:00,,310000
970835,M. Makaazi,32994,M,35,177,Right,M,Morocco,1995-02-05 01:00:00,2025-06-30 01:00:00,950000
1545326,B. J. Yere,55035,F,,185,Right,M,Togo,1997-06-01 01:00:00,,
1095727,H. Manaout,80395,D,20,179,Right,M,Morocco,2001-04-18 01:00:00,2028-06-30 01:00:00,510000
1655335,I. Gazaoui,47696,D,15,,,,Morocco,1998-05-07 01:00:00,,
1020148,A. Hmaidou,297607,M,8,176,Right,M,Morocco,2000-02-15 01:00:00,,240000
978956,A. Khairi,80395,M,8,,,M,Morocco,2000-02-16 01:00:00,2026-06-30 01:00:00,365000
1404260,H. Zraibi,241802,F,,,Right,M,Morocco,1997-10-01 01:00:00,,155000
1140963,L. Gourbi,55035,F,17,181,,M,Morocco,1995-04-10 01:00:00,,46000
1008132,A. Ajaray,174602,F,14,174,Right,M,Morocco,1993-01-05 01:00:00,2025-05-31 01:00:00,345000
1545316,N. Oussama,234227,M,14,180,Right,M,Morocco,2001-03-23 00:00:00,2026-06-30 01:00:00,330000
1799905,Y. Ezzine,327830,D,40,184,Left,M,Morocco,2004-07-04 01:00:00,,
1162119,M. Bahadi,170588,D,17,,,M,Morocco,2000-08-10 01:00:00,,69000
1168590,A. Haimoud,241802,M,,172,Right,M,Morocco,2001-05-21 01:00:00,,275000
1471617,I. Mihrab,55025,M,11,173,Left,M,Morocco,1996-12-01 01:00:00,,360000
1140943,O. Mahrous,36268,M,5,,,M,Morocco,1995-06-07 01:00:00,,335000
919554,Y. Aguerdoum,55043,D,5,183,Left,M,Morocco,1990-05-12 01:00:00,,415000
970633,H. A. Dahmani,55163,M,5,179,Right,M,Morocco,1994-10-16 01:00:00,,295000
919505,A. E. Jorfi,87180,D,15,179,Right,M,Morocco,1997-03-01 01:00:00,,205000
1477128,I. Lagrimi,118834,D,25,180,Left,M,Morocco,2004-02-13 01:00:00,,145000
1004248,A. Serrhat,55027,M,5,178,Right,M,Morocco,1996-11-01 01:00:00,,480000
1473503,H. Ghatas,263373,F,99,185,,M,Morocco,1994-04-08 00:00:00,,140000
1545317,C. Samake,55037,F,20,176,,M,Mali,1997-05-21 01:00:00,2026-06-30 01:00:00,215000
1545331,Y. Khoutari,170588,M,16,,,M,Morocco,1997-11-15 01:00:00,,370000
1140935,E. H. Brija,55035,M,27,,,M,Morocco,2000-03-29 00:00:00,,390000
1461306,M. Goulouss,55025,M,10,171,Right,M,Morocco,1993-11-05 01:00:00,,160000
1655612,S. E. Tazi,55027,M,,,,M,Morocco,,,
1140870,I. Moutaraji,36268,M,18,180,Left,M,Morocco,2000-02-01 01:00:00,2026-06-30 01:00:00,360000
1525286,A. A. Brahim,241802,M,,,,M,Morocco,,,
359282,Y. Jbira,55025,D,13,172,Left,M,Morocco,1996-02-16 01:00:00,2026-06-30 01:00:00,465000
1000536,A. Nanah,118834,D,33,177,Left,M,Morocco,2003-03-12 00:00:00,,260000
971036,D. Ouattara,42202,F,39,177,Left,M,Burkina Faso,1999-09-19 01:00:00,,410000
879566,M. Ounajem,404524,M,,173,Right,M,Morocco,1992-01-04 01:00:00,,465000
1114480,R. Hajji,80395,M,35,,Right,M,Morocco,2000-08-26 01:00:00,,155000
1401595,R. Asmama,118834,G,1,192,Right,M,Morocco,2002-02-08 01:00:00,,47000
1140799,A. Boukhanfer,55039,M,10,,,M,Morocco,1998-01-01 01:00:00,,260000
1102957,P. Bassène,80395,F,30,178,Left,M,Senegal,2001-01-02 01:00:00,2026-06-30 01:00:00,430000
1182630,M. Bakhkhach,55039,M,7,,Right,M,Morocco,2002-02-17 01:00:00,2026-06-30 01:00:00,180000
1606003,H. Essadak,118834,M,31,180,Left,,Morocco,2003-01-01 01:00:00,2025-06-30 01:00:00,77000
1632103,A. E. Kadmiri,241802,M,,,,M,Morocco,,,
919577,T. Asstati,55035,D,35,175,Right,M,Morocco,1991-07-30 01:00:00,,365000
1401850,M. S. Bouksyr,47696,M,14,177,Right,M,Morocco,1997-03-28 00:00:00,,190000
919694,J. Daoudi,241802,M,,175,Right,M,Morocco,1988-08-17 01:00:00,,190000
1182606,R. Zemrani,55039,F,,183,Right,M,Morocco,2001-03-12 00:00:00,,
1008631,Z. Derrag,24394,M,6,171,Right,M,Morocco,1999-01-29 01:00:00,2026-06-30 01:00:00,570000
1526456,A. Lakhlifi,297607,D,97,187,Right,M,Morocco,2000-01-01 01:00:00,,130000
919514,N. Aarab,87180,M,6,179,Right,M,Morocco,1987-02-14 01:00:00,2025-06-30 01:00:00,105000
919650,H. Houssini,118830,M,20,185,Both,M,Morocco,1992-03-17 00:00:00,,280000
1140855,H. Afsal,55035,M,2,184,Both,M,Morocco,1996-10-12 01:00:00,,485000
953996,S. Bahi,55039,D,21,185,Left,M,Morocco,1994-01-01 01:00:00,,295000
1000439,Z. Driouech,327830,D,4,173,Left,M,Morocco,2001-01-11 01:00:00,,390000
942832,A. D. Ndiaye,118834,F,80,186,Right,M,Senegal,2000-01-02 01:00:00,,170000
970808,I. Harache,55035,M,18,179,Right,M,Morocco,1998-11-27 01:00:00,2026-06-30 01:00:00,155000
1014369,P. M. Sohna,297607,M,,,,M,Gambia,2001-01-08 01:00:00,,115000
1545318,H. Malki,118830,M,3,,,M,Morocco,1995-06-19 01:00:00,,
1547062,A. Bentagana,297607,M,6,,,M,Morocco,2001-06-09 01:00:00,,135000
1399957,H. Aqboub,118834,F,27,173,Right,M,Morocco,2004-02-13 01:00:00,,24000
789643,Domingo,229679,M,10,172,Right,M,South Africa,1995-08-13 01:00:00,2027-06-30 01:00:00,490000
796151,B. Sabaouni,55027,M,6,184,Right,M,Morocco,1994-05-13 01:00:00,2026-06-30 01:00:00,215000
1416350,M. E. Badoui,55035,F,7,184,Right,M,Morocco,1999-05-14 01:00:00,,280000
1004254,I. Benbouabdellah,241802,M,,186,Right,M,Morocco,1997-11-03 01:00:00,,180000
1401587,A. Berqi,118834,D,3,179,Right,M,Morocco,1995-02-12 01:00:00,,120000
970788,M. Ouaya,116067,G,,180,,M,Morocco,1991-01-01 01:00:00,,260000
1874704,O. Nefah,241802,D,,,,M,Morocco,,,
1866648,M. Al-Murabit,80395,M,10,,,,Morocco,,,
1140868,I. Askar,327828,G,12,190,Right,M,Morocco,1998-05-29 01:00:00,,23000
1657203,A. Foutat,327830,M,13,,,M,Morocco,,,
1126853,H. E. Baroudi,327828,M,,,,,Morocco,,2025-06-30 01:00:00,
1141122,M. Fekkak,55025,F,7,,Right,M,Morocco,2000-04-29 01:00:00,,140000
970733,K. Hachimi,241802,F,,185,Right,M,Morocco,1996-02-05 01:00:00,,230000
1005867,O. Namsaoui,55035,D,23,181,Right,M,Morocco,1990-06-04 01:00:00,,400000
884817,Z. E. Ouassli,241802,M,,182,Right,M,Morocco,1993-08-11 01:00:00,,160000
1525307,K. Lagrouch,297607,F,28,184,Right,M,Morocco,2000-06-29 01:00:00,,160000
1545340,R. Alaoui,55027,M,10,,,M,Morocco,,,
782482,M. Khallati,241802,D,,186,Right,M,Morocco,1991-11-18 01:00:00,,105000
1023466,M. A. Azemani,186100,D,3,173,Left,M,Algeria,1994-11-17 01:00:00,,320000
1140850,M. Sahd,55043,F,31,183,Right,M,Morocco,1993-08-24 01:00:00,,365000
1525293,A. E. Maswab,80395,D,2,,Left,M,Morocco,2000-08-08 01:00:00,2027-06-30 01:00:00,160000
1473502,M. Radouani,55025,M,8,172,,M,Morocco,1989-12-12 01:00:00,,135000
1140857,M. Bahsain,55027,D,6,180,Left,M,Morocco,1999-03-29 00:00:00,,575000
1503256,M. Gari,327830,D,3,180,Right,M,Morocco,2002-10-13 01:00:00,,120000
1185396,H. E. Moudene,263373,M,14,,Right,M,Morocco,1995-12-20 01:00:00,,270000
1102953,M. Seck,55049,M,33,187,Left,M,Senegal,1996-10-23 01:00:00,,26000
1170665,N. Lougmani,170588,M,91,173,,M,Morocco,2002-08-26 01:00:00,2025-06-30 01:00:00,230000
1008483,C. Nsundi,241802,M,,189,Right,M,DR Congo,2001-05-03 01:00:00,,250000
1140918,A. Chaboud,55049,D,24,180,Right,M,Morocco,2000-03-14 00:00:00,,52000
1213239,M. Radid,118834,F,11,179,Left,M,Morocco,2003-02-17 01:00:00,,
1802069,M. Samoudi,55037,,7,,,M,Morocco,,,
1404072,I. Serbout,170588,D,15,175,Right,M,Morocco,1994-02-07 01:00:00,,340000
1534400,A. Boukram,327830,M,7,173,Left,M,Morocco,2003-02-06 01:00:00,,26000
1401904,R. Wahabi,55049,M,74,178,Right,M,Morocco,1994-07-26 01:00:00,,260000
1526453,Y. Sakhi,297607,F,77,,,M,,,,
1525326,Y. Oubaba,118830,F,27,180,Right,M,Morocco,1999-04-26 01:00:00,,245000
1525285,A. H. Maali,87180,M,17,177,Right,M,Morocco,2006-03-16 00:00:00,2026-06-30 01:00:00,205000
1140827,R. Moussadek,241802,M,,176,,M,Morocco,1999-03-01 01:00:00,,155000
1866207,H. E. Belghyty,55039,M,5,,,M,Morocco,2005-01-01 01:00:00,,
1626874,A. Ziate,263373,M,,,Right,M,Morocco,,,
1459302,S. Gueï,55035,M,22,186,Right,M,Côte d’Ivoire,2000-12-28 01:00:00,2025-06-30 01:00:00,97000
970810,N. Zannane,118830,M,29,183,Both,M,Morocco,1995-05-28 01:00:00,,180000
1525306,J. Ajako,263373,D,70,178,Left,M,Nigeria,2003-03-09 01:00:00,,265000
1140881,M. Zila,41757,F,20,183,Right,M,Morocco,1997-06-13 01:00:00,2026-06-30 01:00:00,220000
1140922,B. Soufi,263373,D,4,,,M,Morocco,1999-02-22 01:00:00,,165000
970588,Y. Chaina,87180,D,2,174,Right,M,Morocco,1992-12-10 01:00:00,,285000
1655618,A. Aloum,241802,M,35,,,,Morocco,,,
1585741,M. E. Habach,36268,F,6,,Right,M,Morocco,2000-05-01 01:00:00,,24000
1525321,S. Jazouli,204299,F,,,Left,M,Morocco,1995-12-08 01:00:00,,26000
1008140,B. Sylla,118834,M,26,183,Right,M,Côte d’Ivoire,1996-07-19 01:00:00,2027-06-30 01:00:00,315000
1093011,S. Icharane,297607,M,9,179,Right,M,Morocco,1997-06-21 01:00:00,2025-06-30 01:00:00,130000
919495,B. E. Bahraoui,55037,F,3,177,Right,M,Morocco,1992-07-30 01:00:00,2026-06-30 01:00:00,275000
1528418,Y. Dalouzi,327830,M,77,181,Right,M,Morocco,2002-02-09 01:00:00,2025-06-30 01:00:00,79000
1021418,B. Dahmoun,55039,M,11,178,Right,M,France,1996-05-05 01:00:00,,220000
981300,E. E. Bellali,297607,M,19,189,Right,M,Morocco,1998-02-17 01:00:00,2025-06-30 01:00:00,360000
919543,H. Marchad,47696,F,77,180,Left,M,Morocco,1992-05-05 01:00:00,,265000
1005345,Mastour,241802,M,,176,Right,M,Morocco,1998-06-15 01:00:00,,97000
1140914,A. Adila,241802,M,,,Right,M,Morocco,1996-03-19 00:00:00,,52000
919674,I. N. Eddine,118830,D,57,186,,M,Morocco,1993-01-05 01:00:00,,220000
1095728,I. Gourad,263373,M,72,,Left,M,Morocco,2001-01-01 01:00:00,,80000
1140930,S. Errahouli,55045,M,5,,,M,Morocco,2002-10-12 01:00:00,,
1168623,O. Radi,170588,F,7,183,Right,M,Morocco,2002-06-29 01:00:00,2025-06-30 01:00:00,96000
1525325,Y. Moukhlis,118830,M,7,,,M,Morocco,2000-07-06 01:00:00,,140000
1140840,A. Ennakhli,327830,F,29,185,Right,M,Morocco,1989-11-24 01:00:00,,81000
1855752,S. Lamrany,55037,,,,,M,,,,
1153320,Mehdi,55049,M,7,183,,M,Morocco,2003-06-17 01:00:00,,
1545324,M. E. Mehdi,87180,M,35,,,M,Morocco,,,
1548496,J. By,327830,D,27,177,Right,M,Morocco,2003-06-01 01:00:00,,
1632065,O. Essafi,80395,F,,,,M,Morocco,2001-06-15 01:00:00,,
812999,A. Hussein,44438,F,9,189,Right,M,Iraq,1996-03-22 00:00:00,2026-06-30 01:00:00,670000
919734,H. H. Boouia,241802,M,,179,Left,M,Morocco,1995-03-24 00:00:00,,52000
893189,H. Guy,241802,M,,182,Both,M,Côte d’Ivoire,1991-09-17 01:00:00,,465000
1401883,J. Amian,55039,F,9,180,Both,M,Côte d’Ivoire,1997-01-13 01:00:00,,160000
1140899,Y. Michte,55037,M,80,178,Right,M,Morocco,1999-01-01 01:00:00,,110000
1655619,I. Hrila,241802,D,34,,,,Morocco,,,
1401596,Y. E. Khalej,118834,D,15,190,Right,M,Morocco,1999-08-02 01:00:00,2026-06-30 01:00:00,145000
1386878,A. A. Camara,234227,M,5,,Right,M,Guinea,2003-01-01 01:00:00,,145000
368288,Z. Belmaachi,55031,F,5,180,Right,M,Morocco,1994-07-25 01:00:00,,205000
1546488,P. A. Gadio,118834,M,23,182,Right,M,Senegal,2001-10-19 01:00:00,,155000
919615,T. Safsafi,327830,M,8,175,Right,M,Morocco,1992-01-05 01:00:00,,165000
1140874,K. E. Keraa,297607,F,34,184,Right,M,Morocco,1994-10-03 01:00:00,,285000
1142806,A. Sabyh,297607,M,24,177,Right,M,Morocco,1989-01-27 01:00:00,,105000
1008599,A. Madkour,55049,D,3,,Right,M,Morocco,2000-06-11 01:00:00,2027-06-30 01:00:00,310000
331741,N. Jaadi,241802,F,,178,Right,M,Morocco,1996-07-01 01:00:00,,69000
1140842,A. Kaidi,55039,F,17,183,Right,M,Morocco,1996-09-14 01:00:00,2026-06-30 01:00:00,270000
1525302,H. A. Brahim,36268,D,,,Right,M,Morocco,1996-11-27 01:00:00,2026-06-30 01:00:00,54000
971041,M. E. Jaaouani,55025,M,66,184,Right,M,Morocco,1994-08-23 01:00:00,,310000
840947,I. Gueye,297607,F,,183,Right,M,Senegal,1996-10-08 01:00:00,,
1410431,Z. Labib,41757,D,3,180,Left,M,Morocco,2003-02-28 01:00:00,,160000
1418569,M. E. Kayssoumi,241802,M,,181,Left,M,Morocco,2002-02-22 01:00:00,,
1546502,A. Tine,263373,D,27,175,Right,M,Morocco,1992-06-03 01:00:00,,165000
884820,O. Boutayeb,297607,D,29,173,Right,M,Morocco,1994-04-19 01:00:00,,81000
1004547,H. E. Bahja,297607,M,44,175,Left,M,Morocco,1993-12-23 01:00:00,,160000
1100773,A. Ouadrassi,55049,F,49,173,Both,M,Morocco,1991-05-23 01:00:00,,115000
1525291,A. Saidi,118834,M,16,,,M,Morocco,1998-03-01 01:00:00,,27000
1000500,A. Nakach,24394,D,5,186,Left,M,Morocco,2002-04-07 00:00:00,,300000
1064774,E. Mbangossoum,7671,M,5,186,Right,M,Chad,2000-05-26 01:00:00,2025-06-30 01:00:00,275000
1475207,A. Frindi,241802,F,,180,Right,,Morocco,1993-08-26 01:00:00,,
1526658,S. Boukhnifrate,170588,,27,,,M,,,,
1140815,S. Moussadak,241802,D,13,187,Both,M,Morocco,1998-03-23 00:00:00,,345000
1008488,J. Mbele,55039,M,99,170,Right,M,DR Congo,1999-12-10 01:00:00,,260000
919783,H. Regragui,174602,D,5,190,Left,M,Morocco,1997-06-13 01:00:00,2025-05-31 01:00:00,510000
1626588,M. Dabdoubi,327830,F,30,,,M,Morocco,2001-11-30 01:00:00,,
826571,Z. Hamadi,55035,D,3,175,Left,M,Italy,1998-03-21 00:00:00,,285000
845095,N. Udo,215270,F,21,182,Right,M,Nigeria,1998-08-15 01:00:00,,24000
1471574,A. E. Harrak,87180,F,30,,Both,M,Morocco,1997-07-31 01:00:00,,120000
1404069,A. Ballouchy,69320,M,61,176,Right,,Morocco,2002-05-15 01:00:00,2026-06-30 01:00:00,160000
977069,I. Fiddi,297607,D,33,173,Right,M,Morocco,1998-10-09 01:00:00,,
1545312,W. Nekaila,327830,D,19,178,Right,M,Morocco,2004-01-01 01:00:00,,105000
1103074,C. Boulahroud,263326,M,,180,Right,M,Morocco,2001-02-21 01:00:00,,
1561842,M. Nachet,241802,F,,,,M,Morocco,2003-01-01 01:00:00,2027-06-30 01:00:00,
1503253,A. Azizi,170588,,2,,,M,Morocco,,,
1459757,S. Cheffani,87180,M,33,182,Left,,Morocco,2004-06-27 01:00:00,2025-06-30 01:00:00,
1000467,A. Kernane,55037,G,22,186,Left,M,Morocco,2000-02-24 01:00:00,2026-06-30 01:00:00,24000
1819502,M. Hamdaoui,327828,M,,,,M,Morocco,2003-02-24 01:00:00,,
1866465,S. Zouhri,263373,F,19,188,Right,,Morocco,2001-08-24 01:00:00,,
1875407,M. Mhamdi,55049,M,99,168,Left,,Morocco,2004-06-15 01:00:00,,
1596931,B. Essoufi,263373,,,,,M,Morocco,,,
1874633,S. Youss,263373,F,13,,,,Morocco,,,
1846407,A. Keita,241802,M,,,,M,Morocco,,,
1874703,A. E. Moutaouakil,263373,,,,,M,Morocco,,,
826181,S. Karkache,170588,M,,185,Right,,Morocco,1999-07-02 01:00:00,2026-06-30 01:00:00,120000
1021107,A. Gharib,263373,F,90,180,Right,M,Morocco,2001-01-11 01:00:00,,82000
1013854,P. A. Banga,148874,M,,176,Right,M,Côte d’Ivoire,2000-11-07 01:00:00,2026-06-30 01:00:00,360000
1545327,M. Lamni,55035,M,,,,M,Morocco,,,
1401965,Oussarhan,204299,F,,170,Left,M,Morocco,2001-06-30 01:00:00,,26000
1013225,O. Hafari,375029,F,,170,Left,M,Morocco,1999-10-04 01:00:00,,340000
1613995,A. Khalfi,41757,M,,,,M,Morocco,,,
1433799,C. E. Knaidil,297607,D,17,,Left,M,Morocco,2002-12-06 01:00:00,,24000
1526455,H. Belouad,297607,,11,,,M,Morocco,,,
1140831,A. E. Hadry,55037,D,17,,Right,M,Morocco,2000-07-19 01:00:00,2026-06-30 01:00:00,23000
1531178,M. Johnson,118830,M,90,175,Right,M,Senegal,2002-01-20 01:00:00,,
1532030,Y. Malki,170588,,13,,,M,,,,
1548495,M. Archidi,327830,M,6,,,M,Morocco,2007-03-13 00:00:00,,
1112765,M. Chrachem,118816,F,32,177,Both,M,Morocco,1999-04-12 01:00:00,,68000
1798512,A. E. Houari,327830,M,23,177,Left,M,Morocco,,,
1140866,I. E. Qaada,55039,D,6,181,Right,M,Morocco,2002-06-17 01:00:00,,
1545329,B. Obounou,263373,F,,,,M,Cameroon,,,
1215946,A. E. Achab,118830,M,,,Right,M,Morocco,,,55000
1869048,Y. Ikhounnioune,55039,F,,,,M,Morocco,2003-01-01 01:00:00,,
1500985,M. Hmamouchi,55035,M,20,,,M,Morocco,,,
1545321,W. Chakir,118830,,13,,,M,Morocco,,,
919654,A. E. Ghrous,55045,M,,174,,M,Morocco,1995-01-26 01:00:00,,
1525868,B. Allal,263373,,,,,M,,,,
1545334,O. Essabri,241802,F,,,,M,Morocco,2002-05-05 01:00:00,,
1657204,M. E. Jadidi,327830,M,5,190,Right,M,Morocco,1993-08-03 01:00:00,,
1564777,A. Mahmoud,327830,,,,,M,Morocco,,,
1802464,A. Machich,170588,D,4,,,M,Morocco,,,
1525861,Baidi,263373,,,,,M,,,,
1533732,O. e. Merabet,55049,M,6,186,Right,M,Morocco,1999-03-30 00:00:00,,
1545335,I. Khannouss,36268,F,,179,Both,M,Morocco,1993-01-01 01:00:00,,
1866448,A. e. Aatga,241802,D,,,,,Morocco,,,
1545315,M. Malik,327830,M,18,176,Right,M,Morocco,2002-07-05 01:00:00,,
1016143,V. Abrego,47700,F,19,177,Right,M,Bolivia,1997-02-11 01:00:00,,480000
1597138,M. A. Katiba,55039,M,20,181,Right,M,Morocco,2006-03-01 01:00:00,,27000
939727,M. Biatoumoussoka,36938,D,20,187,Left,M,Congo Republic,1998-06-05 01:00:00,2025-06-30 01:00:00,140000
1526729,A. Tabich,170588,,16,,,M,,,,
1632167,A. E. Bouhali,118834,M,35,,,M,Morocco,,,
1140907,A. Sabile,241802,F,,179,,,Morocco,2002-06-27 01:00:00,,26000
1526659,A. Kaddouri,170588,,23,,,M,,,,
1545310,M. E. Hbaili,170588,D,33,,,M,Morocco,,,
1146872,H. Alaoui,297607,M,5,,,M,Morocco,1995-08-05 01:00:00,,255000
887418,B. Kamal,241802,M,,173,,,England,2000-01-01 01:00:00,,0
1526458,B. D. Thiam,241802,F,,,,,Senegal,2001-03-30 00:00:00,,24000
1525304,I. B. Sghir,55033,D,,173,Right,M,Morocco,1996-01-16 01:00:00,,
981299,K. A. Mohamed,55031,M,13,,Right,M,Morocco,2000-01-27 01:00:00,,165000
919635,M. Majid,118830,G,12,180,Right,M,Morocco,1988-01-02 01:00:00,,315000
1545647,M. Lamchkhchakh,41757,D,,,,M,Morocco,2004-02-23 01:00:00,,
1424464,I. Laghzali,55035,D,28,,Right,,Morocco,2003-02-12 01:00:00,,24000
1401969,A. Haffout,55049,M,34,,,M,Morocco,2002-01-01 01:00:00,,
1545333,L. Aymane,263373,M,,,,M,Morocco,,,
1797743,M. E. Morsli,55039,F,29,,,M,Morocco,,,
